workKey,title,authorNames,firstPublishYear,genreBucket,subjectsRaw,description,coverId,editionCount,ratingsAverage,ratingsCount,wantToReadCount,alreadyReadCount,openLibraryUrl
/works/OL17054790W,Percy Jackson's Greek Gods,Rick Riordan,2006,Fantasy,"Greek Gods; Young adult fiction; Percy Jackson (Fictitious character); Anthologies; Percy Jackson (Fictional character); Classics; Legends, Myths, Fables; Greek & Roman; JUVENILE FICTION / Fairy Tales & Folklore / Anthologies; Gods and goddesses; JUVENILE FICTION; JUVENILE FICTION / Legends, Myths, Fables / Greek & Roman; Fiction; JUVENILE FICTION / Classics; Fairy Tales & Folklore; children; kids; teens; Dioses griegos; Greek Mythology; Materiales en español; Ficción juvenil; Mitología griega; nyt:childrens-middle-grade=2014-09-07; New York Times bestseller; Children's fiction; Gods, fiction; Adventure stories (Children's / Teenage); Traditional stories (Children's / Teenage); Fantasy fiction","""A publisher in New York asked me to write down what I know about the Greek gods, and I was like, 'Can we do this anonymously?' Because I don't need the Olympians mad at me again. But if it helps you to know your Greek gods, and survive an encounter with them if they ever show up in your face, then I guess writing all this down will be my good deed for the week.""

So begins Percy Jackson's Greek Gods, in which the son of Poseidon adds his own magic - and sarcastic asides - to the classics. He explains how the world was created, then gives listeners his personal take on a who's who of ancients, from Apollo to Zeus. Percy does not hold back: ""If you like horror shows, blood baths, lying, stealing, backstabbing, and cannibalism, then read on, because it definitely was a Golden Age for all that.""",7396660,27,4.7066665,75,1109,108,https://openlibrary.org/works/OL17054790W
/works/OL16810944W,The School for Good and Evil,Soman Chainani,2007,Fantasy,"Magic; Juvenile fiction; Fiction; Fairy Schools; Schools; Identity (Psychology) in children; Friendship; Good and evil; Fantasy; Children's fiction; Friendship, fiction; Good and evil, fiction; Fantasy fiction; Schools, fiction; School stories; Handbooks, manuals; Juvenile literature; Characters; American Fantasy fiction; Characters and characteristics; Children's stories; nyt:childrens-middle-grade=2013-06-02; New York Times bestseller","**A dark and enchanting fantasy adventure perfect for those who prefer their fairytales with a twist. The first in the bestselling School for Good and Evil series.**

Every four years, two girls are kidnapped from the village of Gavaldon. Legend has it these lost children are sent to the School for Good and Evil, the fabled institution where they become fairytale heroes or villains.

With her glass slippers and devotion to good deeds, Sophie knows she'll join the ranks of past students like Cinderella, Rapunzel, and Snow White at the School for Good. Meanwhile, Agatha, with her shapeless black dresses and wicked black cat, seems a natural fit for the villains in the School for Evil.

But the two girls soon find their fortunes reversed – Sophie's dumped in the School for Evil to take Uglification, Death Curses and Henchmen Training, while Agatha finds herself in the School for Good, thrust among handsome princes and fair maidens for classes in Princess Etiquette and Animal Communication.

But what if the mistake is actually the first clue to discovering who Sophie and Agatha really are?",7879561,17,4.6545453,55,802,78,https://openlibrary.org/works/OL16810944W
/works/OL16361049W,Keeper of the Lost Cities,Shannon Messenger,2012,Fantasy,"Ability; Fiction; Fantasy; Psychic ability; Identity; Memory; Foster parents; Elves; Children's fiction; Fairies, fiction; Fantasy fiction; Parapsychology, fiction; Identity, fiction; Juvenile fiction; nyt:series-books=2016-11-20; New York Times bestseller; Identity (Philosophical concept); Action & Adventure; Fantasy & Magic; Social Themes; Friendship; Identity (Psychology); Foster home care; Adventure and adventurers, fiction; Friendship, fiction","Twelve-year-old Sophie has never quite fit into her life. She’s skipped multiple grades and doesn’t really connect with the older kids at school, but she’s not comfortable with her family, either. The reason? Sophie’s a Telepath, someone who can read minds. No one knows her secret—at least, that’s what she thinks…

But the day Sophie meets Fitz, a mysterious (and adorable) boy, she learns she’s not alone. He’s a Telepath too, and it turns out the reason she has never felt at home is that, well…she isn’t. Fitz opens Sophie’s eyes to a shocking truth, and she is forced to leave behind her family for a new life in a place that is vastly different from what she has ever known.

But Sophie still has secrets, and they’re buried deep in her memory for good reason: The answers are dangerous and in high-demand. What is her true identity, and why was she hidden among humans? The truth could mean life or death—and time is running out.",9320507,23,4.6833334,60,736,86,https://openlibrary.org/works/OL16361049W
/works/OL492646W,The Sea of Monsters,Rick Riordan,2005,Fantasy,"Serie:Percy_Jackson_and_the_Olympians; Fiction; Fantasy; Greek Mythology; Juvenile fiction; Camps; Friendship; Camps, fiction; Adventure and adventurers; Middle school students; Monsters; Gods and goddesses; nyt:series_books=2007-07-21; New York Times bestseller; Gods, fiction; Suspense; Adaptations; American fiction; Action & Adventure; Legends, Myths, Fables; Animals, mythical, fiction; Adventure and adventurers, fiction; Greece, fiction; Amistad; Amitié; Novela juvenil; Young Adult Fiction","After a year spent trying to prevent a catastropic war among the Greek gods, Percy Jackson finds his seventh-grade school year unnervingly quiet. His biggest problem is dealing with his new friend, Tyson--a six-foot-three, mentally challenged homeless kid who follows Percy everywhere, making it hard for Percy to have any ""normal"" friends.

But things don't stay quiet for long. Percy soon discovers there is trouble at Camp Half-Blood: The magical borders which protect Half-Blood Hill have been poisoned by a mysterious enemy, and the only safe haven for demigods is on the verge of being overrun by mythological monsters. To save the camp, Percy needs the help of his best friend, Grover, who has been taken prisoner by the Cyclops Polyphemus on an island somewhere in the Sea of Monsters--the dangerous waters Greek heroes have sailed for millenia--only today, the Sea of Monsters goes by a new name...the Bermuda Triangle.

Now Percy and his friends--Grover, Annabeth, and Tyson--must retrieve the Golden Fleece from the Island of the Cyclopes by the end of the summer or Camp Half-Blood will be destroyed. But first, Percy will learn a stunning new secret about his family--one that makes him question whether being claimed as Poseidon's son is an honor or simply a cruel joke.",108909,83,4.4530387,181,1488,525,https://openlibrary.org/works/OL492646W
/works/OL492647W,The Titan's Curse,Rick Riordan,2007,Fantasy,"Serie:Percy_Jackson_and_the_Olympians; nyt:series_books=2007-07-21; New York Times bestseller; Fictitious Character; Children's Fiction; Fiction; Greek Mythology; Juvenile fiction; Titans (Mythology); Monsters; Mythical Animals; Fantasy; Investigation; Missing persons; Legends, Myths, Fables; Gods, fiction; Mythical animals in fiction; Monsters in fiction; Greek mythology in fiction; Animals, mythical, fiction; Young Adult Fiction; Animales fabulosos","When Percy Jackson gets an urgent distress call from his friend Grover, he immediately prepares for battle.  He knows he will need his powerful demigod allies at his side, his trusty bronze sword Riptide, and…a ride from his mom.

The demigods rush to the rescue to find that Grover has made an important discovery: two powerful half-bloods whose parentage is unknown.  But that’s not all that awaits them.  The titan lord Kronos has devised his most treacherous plot yet, and the young heroes have just fallen prey.

They’re not the only ones in danger.  An ancient monster has arisen—one rumored to be so powerful it could destroy Olympus—and Artemis, the only goddess who might know how to track it, is missing.  Now Percy and his friends, along with the Hunters of Artemis, have only a week to find the kidnapped goddess and solve the mystery of the monster she was hunting.  Along the way, they must face their most dangerous challenge yet: the chilling prophecy of the titan’s curse.",14601475,64,4.4675326,154,1337,461,https://openlibrary.org/works/OL492647W
/works/OL17332479W,Six of Crows,Leigh Bardugo,2015,Fantasy,"Young adult fiction; Fantasy fiction; Fiction; Young adult works; Juvenile works; Science fiction; Juvenile fiction; LGBTQ novels; YA fiction; mystery; heist; fantasy; Brigands and robbers; Thriller; Action & Adventure; Magic; Gangs; Robbers and outlaws, fiction; nyt:young-adult-e-book=2015-10-18; New York Times bestseller; Series:Six-of-Crows; General; imaginary wars and battles; Series:Grishaverse","BOOK ONE of the [Six of Crows Duology](https://openlibrary.org/works/OL19758128W/Six_of_Crows_Crooked_Kingdom)

Six of Crows is a fantasy novel written by the Israeli-American author Leigh Bardugo published by Henry Holt and Co. in 2015. The story follows a thieving crew and is primarily set in the city of Ketterdam, loosely inspired by Dutch Republic–era Amsterdam. The plot is told from third-person viewpoints of seven different characters.

The novel is followed by [Crooked Kingdom](https://openlibrary.org/works/OL17597665W) (2016) and is part of the Grishaverse. 

Followed by: [Crooked Kingdom][2]


  [2]: https://openlibrary.org/works/OL17597665W/Crooked_Kingdom",12667417,37,4.5444446,90,2183,184,https://openlibrary.org/works/OL17332479W
/works/OL15401200W,The Lost Hero,Rick Riordan,2010,Fantasy,"Serie:The_Heroes_of_Olympus; nyt:chapter_books=2010-11-06; New York Times bestseller; fantasy; adventure; kids; teens; children; Greek Mythology; Juvenile fiction; Fiction; Gaia (Greek deity); Camps; Monsters; Children's fiction; Fantasy fiction; Gods, fiction; Camps, fiction; Monsters, fiction; nyt:paperback-books=2012-04-22; Roman Mythology; Action & Adventure; Young adult fiction; Literatura estadounidense; Novela estadounidense; Siglo XIX; Mitología griega; Ficción juvenil; Monstruos; Campamentos; Hera (Greek deity)","Jason has a problem. He doesn’t remember anything before waking up on a school bus holding hands with a girl. Apparently she’s his girlfriend Piper, his best friend is a kid named Leo, and they’re all students in the Wilderness School, a boarding school for “bad kids.” What he did to end up here, Jason has no idea―except that everything seems very wrong.

Piper has a secret. Her father has been missing for three days, and her vivid nightmares reveal that he’s in terrible danger. Now her boyfriend doesn’t recognize her, and when a freak storm and strange creatures attack during a school field trip, she, Jason, and Leo are whisked away to someplace called Camp Half-Blood. What is going on?

Leo has a way with tools. His new cabin at Camp Half-Blood is filled with them. Seriously, the place beats Wilderness School hands down, with its weapons training, monsters, and fine-looking girls. What’s troubling is the curse everyone keeps talking about, and that a camper’s gone missing. Weirdest of all, his bunkmates insist they are all―including Leo―related to a god.",12848687,52,4.429412,170,1801,374,https://openlibrary.org/works/OL15401200W
/works/OL15946464W,The Throne of Fire,Rick Riordan,2011,Fantasy,"Serie:The_Kane_Chronicles; Magic; Adventure and adventurers; Egyptian Mythology; Fiction; New York Times bestseller; Juvenile fiction; Fantasy; nyt:chapter_books=2011-08-06; Quests (Expeditions); Action & Adventure; Science Fiction, Fantasy, Magic; Mythology; Fantasy & Magic; Legends, Myths, Fables; Magia; Aventuras; Ficción juvenil; Children's fiction; Adventure and adventurers, fiction; Voyages and travels, fiction; Brothers and sisters, fiction; Magic, fiction; Fantasy fiction; Children's stories, American; Mythologie égyptienne; Romans, nouvelles, etc. pour la jeunesse; Frères et sœurs; Voyages; Quête; Eschatologie égyptienne; Histoires pour enfants américaines; Romans, nouvelles; Livres en gros caractères; Large print books; Egyptian; rick riordan; egyptian magicians; Abenturak; Eleberriak; Haur eta gazteentzako liburuak; Novelas; Libros infantiles y juveniles; Egiptoko mitologia; Mitología egipcia; Senideak","Ever since the gods of Ancient Egypt were unleashed in the modern world, Carter Kane and his sister Sadie have been in trouble. As descendants of the House of Life, the Kanes have some powers at their command, but the devious gods haven't given them much time to master their skills at Brooklyn House, which has become a training ground for young magicians.

And now their most threatening enemy yet - the chaos snake Apophis - is rising. If they don't prevent him from breaking free in a few days' time, the world will come to an end. In other words, it's a typical week for the Kane family.

To have any chance of battling the Forces of Chaos, the Kanes must revive the sun god Ra. But that would be a feat more powerful than any magician has ever accomplished.

First they have to search the world for the three sections of the Book of Ra, then they have to learn how to chant its spells. Oh, and did we mention that no one knows where Ra is exactly?

Narrated in two different wisecracking voices, featuring a large cast of new and unforgettable characters, and with adventures spanning the globe, this second installment in the Kane Chronicles is nothing short of a thrill ride.",6934834,40,4.591837,49,359,106,https://openlibrary.org/works/OL15946464W
/works/OL16664287W,The Mark of Athena,Rick Riordan,2011,Fantasy,"Serie:The_Heroes_of_Olympus; Greek Gods; Camps; Action & Adventure; Greek Mythology; Juvenile fiction; Roman Mythology; Fiction; Prophecy; General; Legends, Myths, Fables; nyt:series-books=2012-10-21; New York Times bestseller; Children's fiction; Camps, fiction; Fantasy fiction; Giants, fiction; Greeks, fiction; Fantasy; Mythologie romaine; Romans, nouvelles, etc. pour la jeunesse; Mythologie grecque; Géants; Colonies de vacances; Mitología romana; Novela juvenil; Mitología griega; Gigantes; Campamentos; Materiales en español; War stories; Teenagers; American Adventure stories; Egyptian Mythology; Hera (Greek deity); Gaia (Greek deity)","Annabeth is terrified. Just when she's about to be reunited with Percy—after six months of being apart, thanks to Hera—it looks like Camp Jupiter is preparing for war. As Annabeth and her friends Jason, Piper, and Leo fly in on the Argo II, she can't blame the Roman demigods for thinking the ship is a Greek weapon. With its steaming bronze dragon figurehead, Leo's fantastical creation doesn't appear friendly. Annabeth hopes that the sight of their praetor Jason on deck will reassure the Romans that the visitors from Camp Half-Blood are coming in peace.

And that's only one of her worries. In her pocket, Annabeth carries a gift from her mother that came with an unnerving command: Follow the Mark of Athena. Avenge me. Annabeth already feels weighed down by the prophecy that will send seven demigods on a quest to find—and close—the Doors of Death. What more does Athena want from her?

Annabeth's biggest fear, though, is that Percy might have changed. What if he's now attached to Roman ways? Does he still need his old friends? As the daughter of the goddess of war and wisdom, Annabeth knows she was born to be a leader—but never again does she want to be without Seaweed Brain by her side

Narrated by four different demigods, The Mark of Athena is an unforgettable journey across land and sea to Rome, where important discoveries, surprising sacrifices, and unspeakable horrors await. Climb aboard the Argo II, if you dare. . .",12848680,40,4.459677,124,877,285,https://openlibrary.org/works/OL16664287W
/works/OL17625829W,Empire of Storms,Sarah J. Maas,2016,Fantasy,"Magic; YA; Quest; High Fantasy; Fiction; Romance; Fantasy; Royalty; Court; Assassins; JUVENILE FICTION / Love & Romance; Juvenile fiction; JUVENILE FICTION / Action & Adventure / General; Kings, queens, rulers; Love; JUVENILE FICTION / Fantasy & Magic; Queens; Children's fiction; Fantasy fiction; Kings, queens, rulers, etc., fiction; Love, fiction; collectionID:EanesChallenge; [series:Throne_of_Glass]","The long path to the throne has only just begun for Aelin Galathynius. Loyalties have been broken and bought, friends have been lost and gained, and those who possess magic find themselves at odds with those who don't.

With her heart sworn to the warrior-prince by her side, and her fealty pledged to the people she is determined to save, Aelin will delve into the depths of her power to protect those she loves. But as monsters emerge from the horrors of the past, and dark forces become poised to claim her world, the only chance for salvation will lie in a desperate quest that may mark the end of everything Aelin holds dear.

In this breathtaking fifth installment of the New York Times bestselling Throne of Glass series, Aelin will have to choose what -- and who -- to sacrifice if she's to keep the world of Erilea from breaking apart.",14349313,25,4.757576,33,328,55,https://openlibrary.org/works/OL17625829W
/works/OL265501W,Into the Wild,Erin Hunter,2003,Fantasy,"Kinderbuch ab 10 Jahren; Fantasy; Katzen; Clans; Wald; verborgen; Hauskater; wild; jagen; Instinkte; Feinde; Probe; Herausforderung; spannend; Cats; Fantasy Fiction; Feral Cats; Fiction; Juvenile Fiction; Children's fiction; Cats, fiction; Courage, fiction; Action; Courage; Adventure and adventurers, fiction; Animals, fiction; series:warriors_the_prophecies_begin; Chat sauvage; Roman fantastique; Er tong wen xue; Zhang pian xiao shuo; Friendship, fiction; Family, fiction; Adventure and adventurers; Comic books, strips","A fantastic book about a house cat named Rusty who joins a Clan of wild cat's and fights through taunting, terrible events, and a suspicious warrior named Tigerclaw. But a prophecy given to the leader Bluestar garentees *Fire alone will save our Clan*

Jenseits der Menschen, tief verborgen im Wald, leben die ungezähmten Katzen in Clans zusammen. Der Hauskater Sammy hat seine Zweibeiner verlassen, um sich dem DonnerClan anzuschließen. Er genießt das wilde Leben des Waldes in vollen Zügen, lernt zu jagen, seine Instinkte zu gebrauchen und seine Feinde zu riechen. Das Leben im Wald stellt ihn immer wieder auf die Probe, denn der Platz ist eng, das Futter knapp. Blaustern, die Königin des DonnerClans, hat Zweifel, ob es der Clan schaffen wird, bis zur Blattfrische zu überleben. So kommt die Zeit, in der sich Sammy, der nun den Namen Feuerpfote trägt, beweisen muss …

---

**Books in this arc**

1. Into the Wild
2. \[Fire and Ice\]\[2\]
3. \[Forest of Secrets\]\[3\]
4. \[Rising Storm\]\[4\]
5. \[A Dangerous Path\]\[5\]
6. \[The Darkest Hour\]\[6\]

\[1\]: [https://openlibrary.org/works/OL5714317W/Into_the_Wild\\\_](https://openlibrary.org/works/OL5714317W/Into_the_Wild%5C_)(Warriors
\[2\]: [https://openlibrary.org/works/OL5714289W/Fire_and_Ice\\\_](https://openlibrary.org/works/OL5714289W/Fire_and_Ice%5C_)(Warriors
\[3\]: <https://openlibrary.org/works/OL5714292W/Forest_of_Secrets>
\[4\]: [https://openlibrary.org/works/OL5714301W/Rising_Storm\\\_](https://openlibrary.org/works/OL5714301W/Rising_Storm%5C_)(Warriors
\[5\]: [https://openlibrary.org/works/OL5714284W/A_Dangerous_Path\\\_](https://openlibrary.org/works/OL5714284W/A_Dangerous_Path%5C_)(Warriors
\[6\]: [https://openlibrary.org/works/OL5714310W/The_Darkest_Hour\\\_](https://openlibrary.org/works/OL5714310W/The_Darkest_Hour%5C_)(Warriors

---

**Arcs in this series**

1. The Prophecies Begin
2. [The New Prophecy](https://openlibrary.org/books/OL9235572M/Midnight_\(Warriors_The_New_Prophecy_Book_1\))
3. [The Power of Three](https://openlibrary.org/books/OL7283723M/The_Sight_\(Warriors_Power_of_Three_Book_1\))
4. [Omen of the Stars](https://openlibrary.org/books/OL24084711M/Warriors_Omen_of_the_Stars_1)
5. [Dawn of the Clans](https://openlibrary.org/books/OL25995097M/Dawn_of_the_Clans)
6. [A Vision of Shadows](https://openlibrary.org/books/OL26884472M/The_apprentice's_quest)
7. [The Broken Code](https://openlibrary.org/books/OL27958224M/Warriors_The_Broken_Code_1)
8. [A Starless Clan](https://openlibrary.org/books/OL32444897M/River/)
9. [Changing Skies](https://openlibrary.org/works/OL38298179W)
   S. [Super Editions](https://openlibrary.org/books/OL7288445M/Firestar's_Quest)",12720669,48,4.5,100,917,158,https://openlibrary.org/works/OL265501W
/works/OL17718538W,Queen of Shadows,Sarah J. Maas,2015,Fantasy,"Magic; YA; High Fantasy; Fiction; Romance; Fantasy; Royalty; Court; Rebellion; Assassins; Insurgency; Juvenile fiction; Identity; Homecoming; Demoniac possession; Identity (Philosophical concept); Queens; Children's fiction; Fantasy fiction; Identity, fiction; Criminals, fiction; [series:Throne_of_Glass]; Swords","Everyone Celaena Sardothien loves has been taken from her. But she's at last returned to the empire-for vengeance, to rescue her once-glorious kingdom, and to confront the shadows of her past...

She has embraced her identity as Aelin Galathynius, Queen of Terrasen. But before she can reclaim her throne, she must fight.

She will fight for her cousin, a warrior prepared to die just to see her again. She will fight for her friend, a young man trapped in an unspeakable prison. And she will fight for her people, enslaved to a brutal king and awaiting their lost queen's triumphant return.

Celaena's epic journey has captured the hearts and imaginations of millions across the globe. This fourth volume will hold readers rapt as Celaena's story builds to a passionate, agonizing crescendo that might just shatter her world.",7994583,21,4.642857,42,566,112,https://openlibrary.org/works/OL17718538W
/works/OL492642W,The Last Olympian,Rick Riordan,2009,Fantasy,"Serie:Percy_Jackson_and_the_Olympians; Fiction; Greek Mythology; Monsters; Mythical Animals; Juvenile fiction; Young Adult Fiction; Children's fiction; Monsters, fiction; Fantasy fiction; Animals, mythical, fiction; Adventure and adventurers, fiction; nyt:series_books=2007-07-21; New York Times bestseller; New York Times reviewed; Teenage boys; Mothers; School Library Journal Best Book of the Year (2005); Teenagers; Prophecies; Attention-deficit hyperactivity disorder; Dyslexics; Camps; Friendship; Greek Gods; Children's stories; Prophecy; Children's stories, American; Fantasy; Titans (Mythology)","All year the half-bloods have been preparing for battle against the Titans, knowing the odds of victory are grim. Kronos's army is stronger than ever, and with every god and half-blood he recruits, the evil Titan's power only grows. While the Olympians struggle to contain the rampaging monster Typhon, Kronos begins his advance on New York City, where Mount Olympus stands virtually unguarded. Now it's up to Percy Jackson and an army of young demigods to stop the Lord of Time.
In this momentous final book in the New York Times best-selling Percy Jackson and the Olympians series, the long-awaited prophecy surrounding Percy's sixteenth birthday unfolds. And as the battle for Western civilization rages on the streets of Manhattan, Percy faces a terrifying suspicion that he may be fighting against his own fate.",6624107,62,4.4076433,157,1042,419,https://openlibrary.org/works/OL492642W
/works/OL17798838W,Dog Man,Dav Pilkey,1999,Adventure,"Humorous stories; Police; Graphic novels; Cats; Dogs; Comic books, strips; Children's fiction; Dogs, fiction; Cats, fiction; Adventure and adventurers, fiction; Police, fiction; New York Times bestseller; Dog Man (Fictitious character) -- Comic books, strips, etc; Cats -- Comic books, strips, etc; Dogs -- Comic books, strips, etc; Police -- Comic books, strips, etc; Dog Man (Fictitious character) -- Juvenile fiction; Dogs -- Juvenile fiction; Cats -- Juvenile fiction; Police -- Juvenile fiction; Dogs -- Fiction; Cats -- Fiction; Police -- Fiction; JUVENILE FICTION -- Action & Adventure; JUVENILE FICTION -- Comics & Graphic Novels; JUVENILE FICTION -- Humorous Stories; Perros; Spanish language materials; Policiaca; Fiction; Gatos; Libros de caricaturas, tiras cómicas; Dog Man (Fictitious character) -- Comic books, strips, etc. -- Juvenile fiction; Dogs -- Juvenile fiction -- Comic books, strips, etc; Police -- Juvenile fiction -- Comic books, strips, etc; Cats -- Juvenile fiction -- Comic books, strips, etc; Criminals -- Juvenile fiction -- Comic books, strips, etc; Police -- Romans, nouvelles, etc. pour la jeunesse -- Bandes dessinées; Chiens -- Romans, nouvelles, etc. pour la jeunesse -- Bandes dessinées; Chats -- Romans, nouvelles, etc. pour la jeunesse -- Bandes dessinées; Criminels -- Romans, nouvelles, etc. pour la jeunesse -- Bandes dessinées; Criminals","**A cute kitten disrupts Petey's plans in the third Dog Man book from worldwide bestselling author and artist Dav Pilkey.**

He was the best of dogs... He was the worst of dogs... It was the age of invention... It was the season of surprise... It was the eve of supa sadness... It was the dawn of hope... Dog Man hasn't always been a paws-itive addition to the police force. While he can muzzle miscreants, he tends to leave a slick of slobber in his wake! This time, Petey the Cat's dragged in a tiny bit of trouble -- a double in the form of a kitten clone. Dog Man will have to work twice as hard to bust these furballs and remain top dog!

Dav Pilkey's wildly popular Dog Man series appeals to readers of all ages and explores universally positive themes, including empathy, kindness, persistence, and the importance of being true to one's self.",14415649,21,4.5842695,89,769,61,https://openlibrary.org/works/OL17798838W
/works/OL86707W,Stellaluna,Janell Cannon,1990,Adventure,"owls; Juvenile Fiction; Aves; Bats; Birds; Ficción juvenil; Fiction; Juvenile software; Murciélagos; Software; Specimens; Toy and movable books; Picture books; Friendship; Board books; Spanish: Kindergarten; Short Stories; Children's 4-8 - Picturebooks; Children's Books/Ages 4-8 Fiction; Spanish: Grades 2-3; Spanish: Grades 1-2; Animals - Mammals; Animals - Birds; Children's fiction; Bats, fiction; Birds, fiction; Friendship, fiction; Juvenile literature; Action & Adventure; Animals; Baby Animals; Family; Adoption; Chauves-souris; Ouvrages pour la jeunesse; Oiseaux; Fiction, general; Jews; Persecutions; Holocaust, Jewish (1939-1945); Personal narratives; Ethnic relations; collection:Name","Stellaluna is a 1993 children's book by Janell Cannon about a young fruit bat, Stellaluna, who becomes separated from her mother and finds her way to a nest of birds. She is adopted by them and learns bird-like behavior. Eventually, Stellaluna finds other bats and reunites with her mother, and she learns how to behave like a bat. She introduces the birds to her bat family. Stellaluna and the birds decide that, despite their many differences, they are still friends.

Stellaluna was a New York Times bestseller, appeared on the National Education Association's list of ""Teachers' Top 100 Books for Children"", and won several awards, including the 1996 Grammy Award for Best Spoken Word Album for Children.",11026591,48,4.474684,158,616,236,https://openlibrary.org/works/OL86707W
/works/OL17793648W,The Silver Eyes (Five Nights At Freddy's #1),"Scott Cawthon, Kira Breed-Wrisley",2001,Adventure,"Horror; psychology; murder; animatronics; Young adult fiction; Juvenile fiction; Pizzerias; Robots; Fiction; Five Nights at Freddy's (Video game); Zombies; Horror stories; Survival; Children's fiction; Robots, fiction; Survival, fiction; nyt:young-adult-paperback=2016-10-16; New York Times bestseller; Action & Adventure; Media Tie-In; Short stories","Ten years after the horrific murders at Freddy Fazbear's Pizza that ripped their town apart, Charlie, whose father owned the restaurant, and her childhood friends reunite on the anniversary of the tragedy and find themselves at the old pizza place which had been locked up and abandoned for years. After they discover a way inside, they realize that things are not as they used to be. The four adult-sized animatronic mascots that once entertained patrons have changed. They now have a dark secret . . . and a murderous agenda.",8075533,22,4.581081,74,1085,65,https://openlibrary.org/works/OL17793648W
/works/OL27455W,The Return of the King,J.R.R. Tolkien,1950,Adventure,"Elves; Hobbits; The Lord of the Rings; hope; fear; magic; Fiction; Fantasy; English Fantasy fiction; Juvenile fiction; Fantastic fiction; Textual Criticism; Middle Earth (Imaginary place); Chinese language materials; Adventure; Fantasy fiction; Frodo Baggins (Fictional character); Frodo Baggins (Fictitious character); Fiction, fantasy, epic; Middle earth (imaginary place), fiction; Baggins, frodo (fictitious character), fiction; British and irish fiction (fictional works by one author); Gandalf (fictitious character), fiction; English literature; Translations into French; Children's fiction; Quests (Expeditions); Wizards; Large type books; Spanish language edition; Roman; Français (langue); Lectures et morceaux choisis; Bolsón, Frodo (Personaje literario); Novela; Tierra Media (Lugar imaginario); Historia de aventuras; Novela fantástica; Literatura inglesa; Novela inglesa; Fiction, media tie-in; Fiction, fantasy, general; Śródziemie (miejsce fikcyjne); Powieści; Hobbits (Fictitious characters)","THE RETURN OF THE KING, which brings to a close the great epic of war and adventure begun in The Fellowship of the Ring and continued in The Two Towers, is the third and final part of J. R. R. Tolkien's masterpiece, ""The Lord of the Rings.""

In these three books, which form one continuous narrative, Tolkien created the saga of the Hobbits of Middle-earth and the great War of the Rings. Praised by such writers and poets as W. H. Auden, Richard Hughes and C. S. Lewis, ""The Lord of the Rings"" - that special world of beauty and terror and meaning - holds a secure place among the books that will live.

---

**Also contained in:**

- [The Lord of the Rings](https://openlibrary.org/works/OL27448W/The_Lord_of_the_Rings)",14627062,286,4.443396,106,716,245,https://openlibrary.org/works/OL27455W
/works/OL10263W,Le petit prince,Antoine de Saint-Exupéry,1943,Adventure,"adventure; fantasy; friendship; love; childhood; loss; loneliness; Children's fiction; Friendship, fiction; Fantasy fiction; Princes, fiction; Fairy tales; Adventure and adventurers, fiction; Princes; Fiction; Toy and movable books; Continental european fiction (fictional works by one author); French language, readers; Romans, nouvelles; Travel, fiction; Juvenile fiction; Children's stories, French; Pride and vanity; Asteroids; Conduct of life; Fantasmes; Romans, nouvelles, etc. pour la jeunesse; Príncipes; Novela juvenil; Fiction, general; Philosophy; Princes -- Juvenile fiction; Air pilots -- Juvenile fiction; Friendship -- Juvenile fiction; Princes -- Romans, nouvelles, etc. pour la jeunesse; Pilotes d'aéronef -- Romans, nouvelles, etc. pour la jeunesse; Pilotos aéreos -- Novela juvenil; Príncipes -- Novela juvenil; Cuentos de hadas; Air pilots; Novela fantástica; Deaf children; Juvenile; Legends; Foxes; Deserts; Children's literature, french; Translations into english; Short novel; Allegories; Extraterrestrial beings; Juvenile films; Drama; Planets; Fantastic fiction; General; Fiction - general; New york times bestseller; French Fantasy fiction; French language; Translations into Russian; Translations into Yiddish; Translations into German; Translations into Turkish; Children's stories, Turkish; Pop-up books; French fiction","*Le Petit Prince* est une œuvre de langue française, la plus connue d'Antoine de Saint-Exupéry. Publié en 1943 à New York simultanément à sa traduction anglaise, c'est une œuvre poétique et philosophique sous l'apparence d'un conte pour enfants.

Traduit en quatre cent cinquante-sept langues et dialectes, *Le Petit Prince* est le deuxième ouvrage le plus traduit au monde après la Bible.

Le langage, simple et dépouillé, parce qu'il est destiné à être compris par des enfants, est en réalité pour le narrateur le véhicule privilégié d'une conception symbolique de la vie. Chaque chapitre relate une rencontre du petit prince qui laisse celui-ci perplexe, par rapport aux comportements absurdes des « grandes personnes ». Ces différentes rencontres peuvent être lues comme une allégorie.

Les aquarelles font partie du texte et participent à cette pureté du langage : dépouillement et profondeur sont les qualités maîtresses de l'œuvre.

On peut y lire une invitation de l'auteur à retrouver l'enfant en soi, car « toutes les grandes personnes ont d'abord été des enfants. (Mais peu d'entre elles s'en souviennent.) ». L'ouvrage est dédié à Léon Werth, mais « quand il était petit garçon ».

(Wikipedia)",10708272,688,4.357143,238,3772,451,https://openlibrary.org/works/OL10263W
/works/OL17610986W,Dog Man,Dav Pilkey,2015,Adventure,"Juvenile fiction; Police; Children's fiction; Police, fiction; Dogs, fiction; Cats, fiction; Humorous stories; Adventure and adventurers, fiction; nyt:childrens-middle-grade-hardcover=2016-09-18; New York Times bestseller; nyt:graphic-books-and-manga=2021-09-12; comic; Graphic novels; Dogs; Fiction; Cats; Perros; Adventure and adventurers; Policia; Ficción juvenil; Spanish language materials; nyt:childrens-middle-grade-e-book=2016-09-18; Comic books, strips; Crime; Graphic Novel; Tier; Hund; Polizist; Tatendrang; Spannung; Spaß; Verbrechen; aufklären","**Get ready for Action, Suspense, Romance... and Laffs!**

George and Harold have created a new breed of justice. When Greg the police dog and his cop companion are injured on the job, a life-saving surgery changes the course of history, and Dog Man is born. With the head of a dog and the body of a human, this heroic hound digs into deception, claws after crooks, rolls over robbers, and scampers after squirrels. Will he be able to resist the call of the wild to answer the call of duty?


----------
###German-language description:
Es gibt einen neuen Superhelden in der Stadt. Dog Man ist halb Hund, halb Polizist und voller Tatendrang! Mach dich bereit für Spannung und jede Menge Spaß!

- Farbige Illustrationen auf jeder Seite.
- Neuer Comic-Trend, der auch Lesemuffel motiviert.
- Dav Pilkey ist einer der meistegelesenen Autoren weltweit bei Lesern im Grundschulalter.
- Auch Kinder von 8 bis 11 Jahren werden so zu Viellesern!
- Lesen macht Spaß mit dem Graphic Novel Mega-Bestseller!",7894142,34,4.4338236,136,1870,122,https://openlibrary.org/works/OL17610986W
/works/OL82565W,Harry Potter and the Half-Blood Prince,J. K. Rowling,2005,Adventure,"orphans; foster homes; romans; magie; adolescence; Quill Award winner; Scottish Children’s Book Award winner; British Book of the Year Award winner; Fiction; Juvenile fiction; Magic; Schools; Witches; Wizards; New York Times bestseller; Fantasy fiction; nyt:series_books=2006-07-15; nyt:series_books=2006-09-16; Romans, nouvelles, etc. pour la jeunesse; Sorciers; Roman fantastique; Merveilleux; Hogwarts School of Witchcraft and Wizardry (Imaginary place); Harry Potter (Fictitious character); Hogwarts School of Witchcraft and Wizardry (Imaginary organization); Magos; Magia; Ficción juvenil; Escuelas; Novela fantástica; England; School stories; Family; Harry Potter (Fictional character); Orphans & Foster Homes; Social Themes; Fantasy; Fantasy & Magic; Friendship; Reading Level-Grade 11; Reading Level-Grade 10; Reading Level-Grade 12; England, fiction; Magic, fiction; Schools, fiction; Children's fiction; Potter, harry (fictitious character), fiction; Wizards, fiction; Hogwarts school of witchcraft and wizardry (imaginary organization), fiction; Large type books; Bengali Detective and mystery stories; Hermione Granger (Fictitious character); Ron Weasley (Fictitious character); Good and evil; Fantasiewelt; Phantastische Literatur; Englisch; Magic - Fiction; Fiction, fantasy, general; Warlocks; Potter, Harry (Personnage fictif); Magiciens; Écoles; Poudlard (Organisation imaginaire); Coming of age; Bildungsromans; Protected DAISY; Adventure and adventurers, fiction; Friendship, fiction","One summer night, when Dumbledore arrives at Privet Drive to collect Harry Potter, his wand hand is blackened and shriveled, but he will not reveal why.

Rumours and suspicion spread through the wizarding world – it feels as if even Hogwarts itself might be under threat.

Harry is convinced that Malfoy bears the Dark Mark: could there be a Death Eater amongst them?

He will need powerful magic and true friends as, with the help of Dumbledore, he investigates Voldemort’s darkest secrets.

([source][2])

Preceded by: [Harry Potter and the Order of the Phoenix][1]
Followed by: [Harry Potter and the Deathly Hallows][3]


----------
Contains:
[Harry Potter and the Half-Blood Prince [3/4]](https://openlibrary.org/works/OL27299760W)
[Harry Potter and the Half-Blood Prince [4/4]](https://openlibrary.org/works/OL27294904W)

  [1]: https://openlibrary.org/works/OL13716955W/Harry_Potter_and_the_Order_of_the_Phoenix
  [2]: https://www.jkrowling.com/book/harry-potter-half-blood-prince/
  [3]: https://openlibrary.org/works/OL82586W/Harry_Potter_and_the_Deathly_Hallows",10716273,177,4.361502,213,2988,537,https://openlibrary.org/works/OL82565W
/works/OL27482W,The Hobbit,J.R.R. Tolkien,1937,Adventure,"Fantasy; Arkenstone; Battle of Five Armies; invisibility; thrushes; eagles; hobbits; wizards; dragons; dwarves; elves; men; trolls; goblins; giant spiders; the one ring; juvenile fantasy; YOUNG ADULT FICTION; Fantasy fiction; Juvenile fiction; Fiction; Classics; General; Media Tie-In; children's books; juvenile works; Teen & Young Adult literature; English Fantasy fiction; Specimens; Juvenile Fantasy fiction; Toy and movable books; Magic in fiction; Open Library Staff Picks; juvenile literature; Pictorial works; Magic; Quests (Expeditions); Graphic novels; Dragons in fiction; Children's stories; Ficción fantástica inglesa; Fantasy in fiction; Translations into Russian; Ficción; Middle Earth (Imaginary place); Tierra Media (Lugar imaginario); Bilbo Baggins (Fictitious character); Dwarfs; Comic books, strips; Reading Level-Grade 11; Reading Level-Grade 12; British and irish fiction (fictional works by one author); Fiction, fantasy, general; Middle earth (imaginary place), fiction; Comics & graphic novels, fantasy; Science fiction, fantasy, horror; Child and youth fiction; Gollum (Fictitious character); Hobbits (Fictitious characters); Baggins, bilbo (fictitious character), fiction; Children's fiction; Gandalf (fictitious character), fiction; Baggins, frodo (fictitious character), fiction; Characters; Characters and characteristics; Hobbit, an unexpected journey (Motion picture); Hobbit (Tolkien, J.R.R.); YOUNG ADULT FICTION / Classics; YOUNG ADULT FICTION / Fantasy / General; YOUNG ADULT FICTION / Media Tie-In; Motion pictures; Fiction, fantasy, epic; English literature; Fiction, media tie-in; Courage; Literatura angielska dla młodzieży; Tłumaczenia polskie; Novela Inglesa; Spanish language materials; Untranslated; Terre du Milieu (Lieu imaginaire); Romans, nouvelles; Hobbits (Personnages fictifs); Novela fantástica; Magiciens; Schultheater; Fiction, fairy tales, folk tales, legends & mythology; Fiction, fantasy, dragons & mythical creatures; Comics & graphic novels, fantasy, general; Good and evil; English Fantasy literature; English fiction; Adventure stories","The Hobbit is a tale of high adventure, undertaken by a company of dwarves in search of dragon-guarded gold. A reluctant partner in this perilous quest is Bilbo Baggins, a comfort-loving unambitious hobbit, who surprises even himself by his resourcefulness and skill as a burglar.

Encounters with trolls, goblins, dwarves, elves, and giant spiders, conversations with the dragon, Smaug, and a rather unwilling presence at the Battle of Five Armies are just some of the adventures that befall Bilbo.

Bilbo Baggins has taken his place among the ranks of the immortals of children’s fiction. Written by Professor Tolkien for his children, The Hobbit met with instant critical acclaim when published.",14627509,481,4.290581,499,3886,834,https://openlibrary.org/works/OL27482W
/works/OL17059943W,The Blood of Olympus,Rick Riordan,2001,Adventure,"Serie:The_Heroes_of_Olympus; Greek mythology; Roman mythology; Juvenile fiction; Fiction; Children's fiction; Greeks, fiction; Fantasy fiction; Mitología romana; Ficción juvenil; Mitología griega; Camps; Campamentos; Teen fiction; Quests (Expeditions); Gods, fiction; Adventure and adventurers, fiction; Mythologie grecque; Romans, nouvelles; Mythologie romaine; Roman fantastique; Fantasy & Magic; Legends, Myths, Fables; Greek & Roman; Action & Adventure; General; Children's & Teenage Fiction; Age level unknown; Greek Gods; Dieux grecs; Romans, nouvelles, etc. pour la jeunesse; Child and youth fiction","Nico had warned them. Going through the House of Hades would stir the demigods' worst memories. Their ghosts would become restless. Nico may actually become a ghost if he has to shadow-travel with Reyna and Coach Hedge one more time. But that might be better than the alternative: allowing someone else to die, as Hades foretold.

Jason's ghost is his mother, who abandoned him when he was little. He may not know how he is going to prove himself as a leader, but he does know that he will not break promises like she did. He will complete his line of the prophecy: To storm or fire the world must fall.

Reyna fears the ghosts of her ancestors, who radiate anger. But she can't allow them to distract her from getting the Athena Parthenos to Camp Half-Blood before war breaks out between the Romans and Greeks. Will she have enough strength to succeed, especially with a deadly hunter on her trail?

Leo fears that his plan won't work, that his friends might interfere. But there is no other way. All of them know that one of the Seven has to die in order to defeat Gaea, the Earth Mother.

Piper must learn to give herself over to fear. Only then will she be able to do her part at the end: utter a single word.

Heroes, gods, and monsters all have a role to play in the climactic fulfillment of the prophecy in The Blood of Olympus, the electrifying finale of the best-selling Heroes of Olympus series.",7303498,38,4.453608,97,825,201,https://openlibrary.org/works/OL17059943W
/works/OL17364743W,The Hidden Oracle,Rick Riordan,2016,Adventure,"Serie:The_Trials_of_Apollo; Mythology; Greek Mythology; Juvenile fiction; Greek Gods; Quests (Expeditions); Fiction; Action & Adventure; Fantasy & Magic; General; Greek & Roman; Legends, Myths, Fables; Gods and goddesses; nyt:childrens-middle-grade-hardcover=2016-05-22; New York Times bestseller; Children's fiction; Fantasy fiction; Gods, fiction; Adventure and adventurers, fiction","How do you punish an immortal?

By making him human.

After angering his father Zeus, the god Apollo is cast down from Olympus. Weak and disorientated, he lands in New York City as a regular teenage boy. Now, without his godly powers, the four-thousand-year-old deity must learn to survive in the modern world until he can somehow find a way to regain Zeus's favour.

But Apollo has many enemies—gods, monsters and mortals who would love to see the former Olympian permanently destroyed. Apollo needs help, and he can think of only one place to go... an enclave of modern demigods known as Camp Half-Blood.",7442820,35,4.5172415,58,777,114,https://openlibrary.org/works/OL17364743W
/works/OL262554W,"The Complete Sherlock Holmes [4 novels, 56 stories]",Arthur Conan Doyle,1900,Mystery,"Action & Adventure Fiction; Adventure stories; air guns; Americans; amorality; ancestors; Andamanese; Anglo-Saxons; anise; anonymity; aortic aneurysm; Apaces; aristocracy; arrow poisons; asphyxiation; attempted murder; banks; baritsu; barques; Battle of Maiwand; beryls; blackmail; bloguns; brain fever; brandy; brokers; broughams; burglary; bushrangers; butlers; cabinet cards; carbuncles; cattle; cavaliers; Children's stories; Christmas dinners; churches; Classic fiction; Classic Literature; Classics; clerks; coal tar; coffee; commissionaires; Confederate States Army; constables; consumption; convict; convicts; coronets; cottages; counterfeit money; crime; crime & mystery fiction; crime bosses; crime scenes; crocodiles; darkrooms; deformities; defrocking; Detective and mystery fiction; Detective and mystery stories; detective fiction; detectives in literature; dogs; domestic violence; Egyptian cigarettes; electric blue; elms; Encyclopædia Britannica; English; English children's stories; English Detective and mystery stories; English Mastiffs; English Short stories; extortion; fiction; Fiction Classics; fingerprints; footprints; forges; frequency analysis; Fuller's earth; gemstones; gold; governesses; half-pennies; handwriting; hanging; hemoglobin; historical fiction; History; Honourable Society of the Inner Temple; horse gaits; horse racing; horseshoes; hurdling; hydraulic presses; Indian Rebellion of 1857; Intestacy; jewellery; Justices of the Peace; Juvenile fiction; Juvenile literature; kidnapping; Ku Klux Klan; lascars; launches; lecturers; Literary Fiction; locked-room mysteries; long jumpers; maids; maps; meres; mixed race children; moorland; murder-suicide; Mystery & Suspense; Mystery and detective stories; Mystery and Suspense; Mystery fiction; Nihilism; novel; oaks; opium; opium dens; pawnbrokers; penal labour; pennies; pince-nez glasses; pioneers; plumbers; poison; police; police inspectors; preparatory schools; prima donnas; prime ministers; private investigators; Private investigators in fiction; proofs; prospecting; race horses; ransoms; red hair; redundancy; revolvers; Rhodesian Police; riddles; Romani; rugby unions; Russians; sailing ships; scalpels; scholarship; school caps; Scottish Terriers; scrips; Second Anglo-Afghan War; secretaries of state; Short Stories; smoke bombs; snow; soft-point bullets; stick figures; stock market; study; substance abuse; substitution ciphers; tea plantations; telegraphy; tests; The Church of Jesus Christ and Latter-day Saints; thumbs; tobacco pipes; track spikes; traps; treasure; treaties; Trichinopoly cigars; tutors; wax sculptures; waylaying; weddings; whist; yellow fever; English fiction; British and irish fiction (fictional works by one author); Fiction, mystery & detective, general; Private investigators, fiction; Sherlock Holmes (Fictitious character); English literature; Fiction, mystery & detective, traditional; Fiction, mystery & detective, collections & anthologies; Watson, john h. (fictitious character), fiction; England, fiction; Children's fiction; FICTION / Classics; FICTION / Mystery & Detective / Traditional British; Fiction, action & adventure; Fiction, mystery & detective, short stories; crime novel; English Civil War; mires; tors; tombs; Electron optics; Radiography; Diffraction; Long Now Manual for Civilization","Contains:

 - [Adventures of Sherlock Holmes](https://openlibrary.org/works/OL262421W/The_Adventures_of_Sherlock_Holmes)

[Scandal in Bohemia](https://openlibrary.org/works/OL14930611W/A_Scandal_in_Bohemia)
[Red-Headed League](https://openlibrary.org/works/OL262476W/The_Red-Headed_League)
[Case of Identity](https://openlibrary.org/works/OL14929939W/A_Case_of_Identity)
[Boscombe Valley Mystery](https://openlibrary.org/works/OL18495288W/The_Boscombe_Valley_Mystery)
[Five Orange Pips](https://openlibrary.org/works/OL1518120W/Five_Orange_Pips)
[Man with the Twisted Lip](https://openlibrary.org/works/OL14930258W/Man_With_the_Twisted_Lip)
[Adventure of the Blue Carbuncle](https://openlibrary.org/works/OL1518317W/Adventure_of_the_Blue_Carbuncle)
[Adventure of the Speckled Band](https://openlibrary.org/works/OL262561W/Adventure_of_the_Speckled_Band)
[Adventure of the Engineer's Thumb](https://openlibrary.org/works/OL1518318W/Adventure_of_the_Engineer's_Thumb)
[Adventure of the Noble Bachelor](https://openlibrary.org/works/OL14929841W/Adventure_of_the_Noble_Bachelor)
[Adventure of the Beryl Coronet](https://openlibrary.org/works/OL14929825W/Adventure_of_the_Beryl_Coronet)
[Adventure of the Copper Beeches](https://openlibrary.org/works/OL1518116W/Adventure_of_the_Copper_Beeches)

 - Case-Book of Sherlock Holmes
 - His Last Bow
 - [Hound of the Baskervilles](https://openlibrary.org/works/OL262454W)
 - [Memoirs of Sherlock Holmes](https://openlibrary.org/works/OL262598W/Memoirs_of_Sherlock_Holmes) [11 stories]

[Silver Blaze](https://openlibrary.org/works/OL1518358W/Silver_Blaze)
[Adventure of the Yellow Face](https://openlibrary.org/works/OL20571966W/Adventure_of_the_Yellow_Face)
[Adventure of the Stockbroker's Clerk](https://openlibrary.org/works/OL20619319W/Adventure_of_the_Stockbroker's_Clerk)
[Adventure of the Gloria Scott](https://openlibrary.org/works/OL20619337W/Adventure_of_the_Gloria_Scott)
[Adventure of the Musgrave Ritual](https://openlibrary.org/works/OL20619374W/Adventure_of_the_Musgrave_Ritual)
Adventure of the Reigate Squire
Crooked Man
Adventure of the Resident Patient
Adventure of the Greek Interpreter
[Naval Treaty](https://openlibrary.org/works/OL14930289W/The_Naval_Treaty)
Final Problem

 - [Return of Sherlock Holmes](https://openlibrary.org/works/OL262480W/The_Return_of_Sherlock_Holmes)

[Adventure of the Empty House](https://openlibrary.org/works/OL1518119W/The_Adventure_of_the_Empty_House)
[Adventure of the Norwood Builder](https://openlibrary.org/works/OL262418W/Adventure_of_the_Norwood_Builder)
[Dancing Men](https://openlibrary.org/works/OL262417W/The_Dancing_Men)
[Adventure of the Solitary Cyclist](https://openlibrary.org/works/OL1518122W/Adventure_of_the_Solitary_Cyclist)
[Adventure of the Priory School](https://openlibrary.org/works/OL1518319W/Adventure_of_the_Priory_School)
Black Peter
[Adventure of Charles Augustus Milverton](https://openlibrary.org/works/OL20621973W/Adventure_of_Charles_Augustus_Milverton)
[Six Napoleons](https://openlibrary.org/works/OL20628495W)
[Adventure of the Three Students](https://openlibrary.org/works/OL1518368W/Adventure_of_the_Three_Students)
[Adventure of the Golden Pince-Nez](https://openlibrary.org/works/OL18191848W/Adventure_of_the_Golden_Pince-Nez)
[Adventure of the Missing Three-Quarter](https://openlibrary.org/works/OL18191816W/Adventure_of_the_Missing_Three_Quarter)
[Adventure of the Abbey Grange](https://openlibrary.org/works/OL17084226W/Adventure_of_the_Abbey_Grange)
[Second Stain](https://openlibrary.org/works/OL18191864W/Second_Stain)

 - [Sign of Four](https://openlibrary.org/works/OL262585W/The_Sign_of_Four)
 - [Study in Scarlet](https://openlibrary.org/works/OL16290253W/A_Study_in_Scarlet)
 - Valley of Fear",12501284,118,4.510638,47,815,75,https://openlibrary.org/works/OL262554W
/works/OL16474682W,Il principe di Atlantide,Elisabetta Dami,2010,Mystery,"Voyages and travels; Animals; Atlantis (Legendary place); Juvenile fiction; Shipwrecks; Mice; Fiction; Mystery and detective stories; Children's fiction; Magic, fiction; Atlantis (legendary place), fiction; Shipwrecks, fiction; Voyages and travels, fiction; Mice, fiction; Animals, fiction; Child and youth fiction","At the beach by Mouseford Academy, one of the Thea Sisters discovers a mysterious boy with blue skin washed up on the shore. He speaks an unfamiliar language, so the Thea Sisters call Thea Stilton to help figure out how to communicate with him. She sets the mouselings on an exciting journey across the world to hunt for clues about the boy's origins. Could he be prince of the underwater world of Atlantis? It's up to the Thea Sisters to get him home!",7889872,7,4.882353,17,104,40,https://openlibrary.org/works/OL16474682W
/works/OL16151508W,Miss Peregrine's Home for Peculiar Children,Ransom Riggs,2011,Mystery,"Orphanages; Graphic novels; Supernatural; Grandfathers; Teenage boys; Islands; Juvenile fiction; Mystery and detective stories; Fiction; Reading Level-Grade 9; Reading Level-Grade 11; Reading Level-Grade 10; Reading Level-Grade 12; Detective and mystery stories; Exceptional children; Fantasy; YOUNG ADULT FICTION; Mystery fiction; Horror; Time Travel; Comic books, strips; nyt:chapter-books=2011-06-26; New York Times bestseller; Children's fiction; Orphanages, fiction; Wales, fiction; Fantasy fiction; Supernatural, fiction; Grandparents, fiction; Children's stories, American; Large type books; Science Fiction; nyt:young-adult-paperback=2015-08-30; series:Miss_Peregrine's_Peculiar_Children","A mysterious island. An abandoned orphanage. A strange collection of peculiar photographs. It all waits to be discovered in Miss Peregrine's Home for Peculiar Children, and unforgettable novel that mixes fiction and photography in a thrilling reading experience. As our story opens, a horrific family tragedy sets sixteen-year-old Jacob journeying to a remote island off the coast of Wales, where he discovers the crumbling ruins of Miss Peregrine's Home for Peculiar Children. As Jacob explores its decaying bedrooms and hallways, it becomes clear that Miss Peregrine's children were more than just peculiar. They may have been dangerous. They may have been quarantined on a deserted island for good reason. And somehow - impossible though it seems - they may still be alive. (Book cover)",14416577,13,4.4347825,46,680,122,https://openlibrary.org/works/OL16151508W
/works/OL262438W,The Sign of Four,Arthur Conan Doyle,1889,Mystery,"Crime & Mystery; classic fiction; Andamanese; arrow poisons; bloguns; convicts; crime & mystery fiction; crocodiles; Detective and mystery fiction; Fiction; Fiction Classics; Indian Rebellion of 1857; launches; Literary Fiction; Mystery & Suspense; Mystery fiction; novel; private investigators; substance abuse; tea plantations; treasure; waylaying; British and irish fiction (fictional works by one author); Fiction, mystery & detective, traditional; England, fiction; Watson, john h. (fictitious character), fiction; Private investigators, fiction; Fiction, mystery & detective, general; Fiction, crime; Texts; Shorthand; English Detective and mystery stories; Novelas inglesas; Children's fiction; Mystery and detective stories; English literature; John H. Watson (Fictitious character); Large type books; Sherlock Holmes (Fictitious character); Detectives privados; Novela; English language, textbooks for foreign speakers; Holmes, Sherlock (Fictitious character) -- Fiction; Private investigators -- England -- Fiction; Detective and mystery stories; Translations into German; John H Watson; Détectives; Romans, nouvelles; Fiction, action & adventure; Long Now Manual for Civilization; Juvenile fiction; Detectives","The Sign of the Four (1890), also called The Sign of Four, is the second novel featuring Sherlock Holmes written by Sir Arthur Conan Doyle.


----------
Also contained in:
[Adventures of Sherlock Holmes](https://openlibrary.org/works/OL20624138W)
[Adventures of Sherlock Holmes](https://openlibrary.org/works/OL18191906W)
[Annotated Sherlock Holmes. 1/2](https://openlibrary.org/works/OL1518438W)
[Best of Sherlock Holmes](https://openlibrary.org/works/OL18195589W)
[Boys' Sherlock Holmes](https://openlibrary.org/works/OL8696809W)
[Celebrated Cases of Sherlock Holmes](https://openlibrary.org/works/OL16076930W)
[Complete Sherlock Holmes](https://openlibrary.org/works/OL18188824W)
[Complete Sherlock Holmes](https://openlibrary.org/works/OL14929975W)
[Illustrated Sherlock Holmes](https://openlibrary.org/works/OL1518342W)
[Original Illustrated Strand Sherlock Holmes](https://openlibrary.org/works/OL262529W)
[Sherlock Holmes: His Most Famous Mysteries](https://openlibrary.org/works/OL14930414W)
[Sherlock Holmes: The Novels](https://openlibrary.org/works/OL16018654W)
[The Sign of the Four, A Scandal in Bohemia and Other Stories](https://openlibrary.org/works/OL20630338W)
[Sign of the Four and Other Stories](https://openlibrary.org/works/OL20628655W)
[Tales of Sherlock Holmes](https://openlibrary.org/works/OL1518350W)
[Tales of Sherlock Holmes](https://openlibrary.org/works/OL1518418W)
[Works](https://openlibrary.org/works/OL16173818W)",9247987,962,4.2444444,90,349,149,https://openlibrary.org/works/OL262438W
/works/OL17082485W,Una cascata di cioccolato,Elisabetta Dami,2013,Mystery,"Humorous stories; Action & Adventure; Chocolate factories; Sabotage; Juvenile fiction; Mysteries & Detective Stories; Chocolate; Social Themes; Adventure fiction; Mice; Fiction; Friendship; Mystery and detective stories; Children's fiction; Mice, fiction; Ecuador, fiction; Sabotage, fiction; Thea Sisters (Fictitious characters); Journalists; French language materials; Romans, nouvelles, etc. pour la jeunesse; Téa Sisters (Personnages fictifs); Souris; Journalistes; Chocolat; Aventures; Roman pour la jeunesse; Chocolaterie; Romans; Femmes journalistes; Juvenile literature; sisters; factory; Thea Stilton series",When the Thea Sisters are invited to a chocolate factory in Ecuador. Someone is trying to sabotage the chocolate factory while during a competition. This is an excellent book written by Elisabetta Dami in the real world and published by Scholastic.,7323717,8,4.5666666,30,172,63,https://openlibrary.org/works/OL17082485W
/works/OL40967W,Complete Stories and Poems of Edgar Allan Poe,Edgar Allan Poe,1966,Mystery,"busts; narrative poetry; supernatural; talking birds; American poetry; poetry; ravens; American fantasy poetry; Young adult nonfiction; Fantasy poetry; Gothic poetry; American children's poetry; Poetry (poetic works by one author); Children's poetry; Death; Laments; Grief; Love poetry; Juvenile poetry; short stories; aristocracy; satire; American Horror tales; American literature; Children's fiction; Classic Literature; Crime; Crime fiction; Detective and mystery stories; Fiction; first-person narrative; Gothic fiction; Homicide; Horror; Horror fiction; Horror stories; Horror tales; Hyperesthesia; Juvenile fiction; Murder; silence; premature burial; catalepsy; Taphophobia; crypts; phobias; unconsciousness; berths; American fiction; American Short stories; fear; pendulums; Spanish Inquisition; mesmerism; abbeys; daggers; Hematidrosis; Juvenile audience; masquerade balls; nobility; plagues; shrouds; self-destructive behavior; metaphors; coroners; hanging; burial vaults; dragons; hermitages; heroic romances; hysteria; knights; maces; psychogenic death; tarns; suspense; hoaxes; narration; pseudoscience; Hypnagogia; animal magnetism; hypnotism; tuberculosis; embedded narrative; mountaineering; whirlpools; vortex; Ratiocination; Revenge; cats; short story; unreliable narrators; self-hatred; gallows; obsessive-compulsive disorder; monomania; fixation; Mystery and detective stories; monograms; Classics; Collected works (single author, multi-form)","67 STORIES:
Angel of the Odd
[Assignation](https://openlibrary.org/works/OL15645797W)
Balloon-Hoax
[Berenice](https://openlibrary.org/works/OL15645808W)
[Black Cat](https://openlibrary.org/works/OL41068W)
Bon-Bon
Business Man
[Cask of Amontillado](https://openlibrary.org/works/OL41016W)
Colloquy of Monos and Una
Conversation of Eiros and Charmion
[Descent into the Maelstrom](https://openlibrary.org/works/OL273476W)
Devil in the Belfry
Diddling
[Domain of Arnheim](https://openlibrary.org/works/OL15645889W)
Duc De L'Ome1ette
[Eleonora](https://openlibrary.org/works/OL14937980W)
[Facts in the Case of M. Valdemar](https://openlibrary.org/works/OL40987W)
[Fall of the House of Usher](https://openlibrary.org/works/OL40987W)
Four Beasts in One
Gold-Bug
Hop-Frog
How to Write a Blackwood Article
[Imp of the Perverse](https://openlibrary.org/works/OL15481077W)
[Island of the Fay](https://openlibrary.org/works/OL15645993W)
King Pest
[Landor's Cottage](https://openlibrary.org/works/OL15646005W)
Ligeia
Lionizing
Literary Life of Thingum Bob, Esq.
Loss of Breath
Man of the Crowd
Man that was Used Up
[Masque of the Red Death](https://openlibrary.org/works/OL41050W)
Mellonta Tauta
[Mesmeric Revelation](https://openlibrary.org/works/OL15646037W)
Metzengerstein
Morella
MS. Found in a Bottle
Murders in the Rue Morgue
Mystery of Marie Roget
Mystification
Narrative of A. Gordon Pym of Nantucket
Never Bet the Devil Your Head
Oblong Box
Oval Portrait
[Pit and the Pendulum](https://openlibrary.org/works/OL273550W)
Power of Words
Predicament
[Premature Burial](https://openlibrary.org/works/OL24583029W)
[Purloined Letter](https://openlibraryorg/works/OL41065W)
Shadow
[Silence — A Fable](https://openlibrary.org/works/OL13370628W)
Some Words with a Mummy
Spectacles
Sphinx
System of Dr. Tart and Prof. Fether
Tale of Jerusalem
Tale of the Ragged Mountains
[Tell-tale Heart](https://openlibrary.org/works/OL41059W)
Thou Art the Man
[Thousand-and-Second Tale of Scheherazade](https://openlibrary.org/works/OL15646039W)
Three Sundays in a Week
Unparalleled Adventure of One Hans Pfaall
[Von Kempelen and His Discovery](https://openlibrary.org/works/OL25111544W)
Why the Little Frenchman Wears His Hand in a Sling
[William Wilson](https://openlibrary.org/works/OL16088822W)
X-ing a Paragrab

55 POEMS:",11793784,6,4.4827585,29,47,38,https://openlibrary.org/works/OL40967W
/works/OL262421W,The Adventures of Sherlock Holmes [12 stories],Arthur Conan Doyle,1892,Mystery,"Classic Literature; Murder; Mystery; Conclusions; amorality; Anglo-Saxons; Apaces; aristocracy; banks; barques; beryls; brain fever; bushrangers; cabinet cards; carbuncles; Christmas dinners; churches; Classic fiction; Classics; commissionaires; Confederate States Army; coronets; counterfeit money; crime; Crime & Mystery Fiction; darkrooms; Detective and mystery stories; detective fiction; electric blue; Encyclopædia Britannica; English Children's stories; English Detective and mystery stories; English Mastiffs; English Short stories; fiction; footprints; Fuller's earth; governesses; half-pennies; History; Honourable Society of the Inner Temple; hydraulic presses; jewellery; Juvenile fiction; Juvenile literature; Ku Klux Klan; lascars; locked-room mysteries; maids; Mystery and detective stories; Mystery and Suspense; opium dens; pawnbrokers; pennies; police inspectors; prima donnas; Private investigators; Private investigators in fiction; prospecting; red hair; revolvers; sailing ships; Short Stories; smoke bombs; snow; thumbs; Adventures of Sherlock Holmes (Doyle, Arthur Conan); John H. Watson (Fictitious character); Sherlock Holmes (Fictitious character); Influence; Influence (Literary, artistic, etc.); Sherlock (Television program : 2010- ); Large type books; LITERARY CRITICISM / European / English, Irish, Scottish, Welsh; Fiction, mystery & detective, general; Fiction, suspense; Private investigators, fiction; England, fiction; Fiction, mystery & detective, historical; Doyle, arthur conan, sir, 1859-1930, fiction; Watson, john h. (fictitious character), fiction; Fiction, mystery & detective, traditional; Fiction, short stories (single author); English literature; Mystery and detective; Bibliography; Detectives in literature; Children's stories, English; Children's fiction; Fiction, thrillers, suspense; British and irish fiction (fictional works by one author); Fiction, mystery & detective, collections & anthologies; Fiction, action & adventure; Fiction, general; Nowele kryminalne angielskie; Tłumaczenia polskie; Detective Verhalen Nederlands Sherlock Holmes Avonturen; Long now manual for civilization","The Adventures of Sherlock Holmes is a collection of twelve short stories by Arthur Conan Doyle, first published on 14 October 1892. It contains the earliest short stories featuring the consulting detective Sherlock Holmes, which had been published in twelve monthly issues of The Strand Magazine from July 1891 to June 1892. The stories are collected in the same sequence, which is not supported by any fictional chronology. The only characters common to all twelve are Holmes and Dr. Watson and all are related in first-person narrative from Watson's point of view.

Contains:
[Scandal in Bohemia](https://openlibrary.org/works/OL14930611W/A_Scandal_in_Bohemia)
[Red-headed League](https://openlibrary.org/works/OL14930336W/The_Red-Headed_League)
[Case of Identity](https://openlibrary.org/works/OL14929939W/A_Case_of_Identity)
[Boscombe Valley Mystery](https://openlibrary.org/works/OL18495288W/The_Boscombe_Valley_Mystery)
[Five Orange Pips](https://openlibrary.org/works/OL1518120W/Five_Orange_Pips)
[Man with the Twisted Lip](https://openlibrary.org/works/OL14930258W/The_Man_With_the_Twisted_Lip)
[Adventure of the Blue Carbuncle](https://openlibrary.org/works/OL1518317W/Adventure_of_the_Blue_Carbuncle)
[Adventure of the Speckled Band](https://openlibrary.org/works/OL262561W/Adventure_of_the_Speckled_Band)
[Adventure of the Engineer's Thumb](https://openlibrary.org/works/OL1518318W/Adventure_of_the_Engineer's_Thumb)
[Adventure of the Noble Bachelor](https://openlibrary.org/works/OL14929841W/Adventure_of_the_Noble_Bachelor)
[Adventure of the Beryl Coronet](https://openlibrary.org/works/OL14929825W/Adventure_of_the_Beryl_Coronet)
[Adventure of the Copper Beeches](https://openlibrary.org/works/OL1518116W/Adventure_of_the_Copper_Beeches)

---

Also contained in:

- [Adventures and Memoirs of Sherlock Holmes](https://openlibrary.org/works/OL1518128W)
- [Adventures of Sherlock Holmes](https://openlibrary.org/works/OL20624138W)
- [Celebrated Cases of Sherlock Holmes](https://openlibrary.org/works/OL16076930W)
- [Complete Sherlock Holmes](https://openlibrary.org/works/OL18188824W)
- [Complete Sherlock Holmes: Volume I](https://openlibrary.org/works/OL14929975W)
- [Illustrated Sherlock Holmes](https://openlibrary.org/works/OL1518342W)
- [Obras completas de Conan Doyle: II](https://openlibrary.org/works/OL20787319W)
- [Original Illustrated Sherlock Holmes](https://openlibrary.org/works/OL262528W)
- [Original Illustrated 'Strand' Sherlock Holmes](https://openlibrary.org/works/OL262529W)
- [Short Stories](https://openlibrary.org/works/OL18188661W)
- [Works](https://openlibrary.org/works/OL16173818W)
- [Works](https://openlibrary.org/works/OL14930383W)",6717853,1133,4.1578946,171,2654,228,https://openlibrary.org/works/OL262421W
/works/OL17922617W,The Screaming Staircase,Jonathan Stroud,2013,Mystery,"Ghost stories; Paranormal fiction; Juvenile fiction; Fiction; Psychic ability; Haunted houses; Supernatural; Ghosts; Horror stories; Child and youth fiction; Children's fiction; Fantasy fiction; Physicians; Supernatural, fiction; Ghosts, fiction; London (england), fiction; London (England); Psychics; Mystery and detective stories; Aventuras y aventureros; Novela juvenil; Histoires de fantômes; Maisons hantées; Romans, nouvelles; Facultés psychiques","*Follows three young operatives of a Psychic Detection Agency as they battle an epidemic of ghosts in London.*

This book is part of a brilliant series for children (and parents) who love to be creeped out. It’s set in London when the city is experiencing an outbreak of ghosts who kill people if they come into contact with them. The catch: only children can see them. These stories features the kid-run ghosthunting agency, Lockwood & Co. — it’s led by the talented 14-year-old heroine Lucy Carlyle and charismatic teen Anthony Lockwood. Their job is to destroy ghosts by finding the objects in the world of the living that spirits are attached to. The social implications of the ghost epidemic are almost as chilling as the cases the agency takes on — almost. It’s a gripping read and a great intro to dystopian literature and social dynamics. You’ll want to sleep with the lights on, even after you’ve exhausted yourself by reading guiltily ahead late into the night.",14369277,20,4.5416665,24,487,39,https://openlibrary.org/works/OL17922617W
/works/OL8115828W,Il Fantasma del Metrò,Elisabetta Dami,2000,Mystery,"Juvenile fiction; Mice; Mystery and detective stories; Stilton, Geronimo (Personaje literario); Novela juvenil; Ratones; Bodas; Humorous stories; Animals; Journalists; Subways; Fiction; Ghosts; Cats; Geronimo Stilton (Fictitious character); Children's fiction; Stilton, geronimo (fictitious character), fiction; Mice, fiction; Souris; Romans, nouvelles, etc. pour la jeunesse; Métros; Ghost stories; Ferrocarriles subterraneos; Spanish language materials; Ficción juvenil; Ghosts, fiction; Journalistes; Chats; Robots; Stilton, Geronimo (Personnage fictif); Roman d'aventures; Roman pour la jeunesse; Romans","When he hears reports of a ghost haunting New Mouse City's subway tunnels, Geronimo sets out to investigate the story.",3348723,27,4.857143,14,86,20,https://openlibrary.org/works/OL8115828W
/works/OL17797857W,One Of Us Is Lying,Karen M. McManus,2017,Mystery,"Children's fiction; Mystery and detective stories; Murder, fiction; Schools, fiction; Young adult fiction; Juvenile fiction; Fiction; YOUNG ADULT FICTION / Social Themes / Friendship; Murder; YOUNG ADULT FICTION / Mysteries & Detective Stories; High schools; Schools; Murder suspects; YOUNG ADULT FICTION / Thrillers & Suspense; Young adult fiction, mysteries & detective stories; Young adult fiction, romance, contemporary; Young adult fiction, thrillers & suspense, general; nyt:young-adult-paperback-monthly=2023-04-09; New York Times bestseller; English language; nyt:young-adult-hardcover=2017-07-09","Pay close attention and you might solve this.
On Monday afternoon, five students at Bayview High walk into detention.

> Bronwyn, the brain, is Yale-bound and never breaks a rule.
> Addy, the beauty, is the picture-perfect homecoming princess.
> Nate, the criminal, is already on probation for dealing.
> Cooper, the athlete, is the all-star baseball pitcher.
> And Simon, the outcast, is the creator of Bayview High’s notorious gossip app.

Only, Simon never makes it out of that classroom. Before the end of detention Simon's dead. And according to investigators, his death wasn’t an accident. On Monday, he died. But on Tuesday, he’d planned to post juicy reveals about all four of his high-profile classmates, which makes all four of them suspects in his murder. Or are they the perfect patsies for a killer who’s still on the loose?

Everyone has secrets, right? What really matters is how far you would go to protect them.",12503935,30,4.1702127,94,2533,136,https://openlibrary.org/works/OL17797857W
/works/OL15168087W,Ore 8,Elisabetta Dami,2009,Mystery,"Geronimo Stilton (Fictitious character); Juvenile fiction; Occupations; Fiction; Schools; Mice; Children's fiction; Schools, fiction; Adventure and adventurers, fiction; Stilton, geronimo (fictitious character), fiction; Mice, fiction; Humorous stories; Journalists; Mystery and detective stories; Souris; Romans, nouvelles, etc. pour la jeunesse; Écoles; Journalistes","Enter the world of Geronimo Stilton, where another funny adventure is always right around the corner. Each book is a fast-paced adventure with lively art and a unique format kids 7-10 will love.When my nephew, Benjamin, invited me to Career Day at his school, things did not turn out the way I expected. I caused a volcanic explosion, got tangled in the tunnel slide on the playground, and accidentally let the class's pet gecko out of its cage! Rat munching rattlesnakes-how was I going to get myself out of this mess?",14417196,15,4.9166665,12,51,17,https://openlibrary.org/works/OL15168087W
/works/OL463191W,Nate The Great (Nate The Great),"Marjorie Weinman Sharmat, Marc Simont",1972,Mystery,"Mystery and detective stories; Detective and mystery stories; Juvenile fiction; Children's stories; Lost articles; Lost and found possessions; Fiction; Logic; Friendship; Persistence; Children's fiction; Nate the great (fictitious character), fiction; Accelerated Reader 1.7.; Detectives","Join the world’s greatest detective, Nate the Great, as he solves the mystery of the lost picture! Perfect for beginning readers and the Common Core, this long-running chapter book series will encourage children to problem-solve with Nate, using logical thinking to solve mysteries!  

CAN NATE SOLVE THE CASE FOR HIS FRIEND ANNIE?
 
Nate the Great has a new case! His friend Annie has lost a picture. She wants Nate to help her find it. Nate the Great must get all the facts, ask the right questions, and narrow the list of suspects so he can solve the mystery.",282888,25,4.625,16,177,38,https://openlibrary.org/works/OL463191W
/works/OL17077412W,The Whispering Skull,Jonathan Stroud,2014,Mystery,"JUVENILE FICTION / Horror & Ghost Stories; Ghost stories; Paranormal fiction; JUVENILE FICTION / Fantasy & Magic; JUVENILE FICTION / Mysteries & Detective Stories; Fiction; Psychic ability; Supernatural; Ghosts; Juvenile fiction; Mystery and detective stories; Physicians; Children's fiction; Ghosts, fiction; Supernatural, fiction; London (england), fiction; Dead; Mysteries & Detective Stories; Horror & Ghost Stories; Fantasy & Magic; Paranormal; Horror tales","In the six months since Anthony, Lucy, and George survived a night in the most haunted house in England, Lockwood & Co. hasn't made much progress. Quill Kipps and his team of Fittes agents keep swooping in on Lockwood's investigations. Finally, in a fit of anger, Anthony challenges his rival to a contest: the next time the two agencies compete on a job, the losing side will have to admit defeat in the Times newspaper.

Things look up when a new client, Mr. Saunders, hires Lockwood & Co. to be present at the excavation of Edmund Bickerstaff, a Victorian doctor who reportedly tried to communicate with the dead. Saunders needs the coffin sealed with silver to prevent any supernatural trouble. All goes well-until George's curiosity attracts a horrible phantom.

Back home at Portland Row, Lockwood accuses George of making too many careless mistakes. Lucy is distracted by urgent whispers coming from the skull in the ghost jar. Then the team is summoned to DEPRAC headquarters. Kipps is there too, much to Lockwood's annoyance. Bickerstaff's coffin was raided and a strange glass object buried with the corpse has vanished. Inspector Barnes believes the relic to be highly dangerous, and he wants it found.",14369286,12,4.6666665,15,128,27,https://openlibrary.org/works/OL17077412W
/works/OL492658W,The Lightning Thief,Rick Riordan,2005,Science Fiction,"Serie:Percy_Jackson_and_the_Olympians; Fiction; Greek Mythology; Juvenile fiction; Camps; Friendship; Fantasy fiction; Fantasy; Young Adult Fiction; New York Times bestseller; nyt:series_books=2007-07-21; Mythology, Greek; Identity; Adaptations; Greek Gods; Cartoons and comics; Children's fiction; Camps, fiction; Gods, fiction; Action & Adventure; Fantasy & Magic; Legends, Myths, Fables; Gods and goddesses; Literature and fiction, juvenile; Child and youth fiction; Science fiction, fantasy, horror; New York Times reviewed; Colonies de vacances; Amitié; Amistad; Ficción juvenil; Campamentos; Mitología griega; Children's books; Dieux grecs; Novela juvenil; Adventure and adventurers, fiction; award:Nēnē_award; Young Adult; Mythology; Middle Grade; Percy Jackson; Adventure; Childrens","Twelve-year-old Percy Jackson is on the most dangerous quest of his life.  With the help of a satyr and a daughter of Athena, Percy must journey across the United States to catch a thief who has stolen the original weapon of mass destruction—Zeus’ master bolt.  Along the way, he must face a host of mythological enemies determined to stop him.  Most of all, he must come to terms with a father he has never known, and an Oracle that has warned him of betrayal by a friend.",7239831,103,4.289926,407,5585,843,https://openlibrary.org/works/OL492658W
/works/OL82536W,Harry Potter and the Prisoner of Azkaban,J. K. Rowling,1999,Science Fiction,"Fantasy fiction; orphans; foster homes; fantasy; literature; juvenile fantasy fiction; Locus Award winner; Bram Stoker Award winner; Whitbread Book Award winner; Adventure; Juvenile literature; Juvenile works; Juvenile audience; Children's books; Magic; Open Library Staff Picks; Juvenile fiction; Wizards; New York Times bestseller; Schools; nyt:series_books=2006-09-16; Science Fiction, Fantasy, & Magic; Hogwarts School of Witchcraft and Wizardry (Imaginary place); Witches; Harry Potter (Fictitious character); Ficción juvenil; Magos; Magia; Hogwarts School of Witchcraft and Wizardry (Imaginary organization); Children's Books/Ages 9-12 Fiction; Spanish: Grades 4-7; General; Potter, Harry (Fictitious character); Potter, Harry (Caracter ficticio); Hogwarts School of Witchcraft and Wizardry (Lugar imaginario); Escuelas; Spanish language; Literatura juvenil; Harry Potter (Fictional character); Orphans & Foster Homes; Fantasy & Magic; French language materials; School stories; Family; Fiction; Social Themes; Friendship; Reading Level-Grade 9; Reading Level-Grade 11; Reading Level-Grade 10; Reading Level-Grade 12; Translations from English; Chinese language materials; England; Chinese fiction; Tong hua; England, fiction; Potter, harry (fictitious character), fiction; Schools, fiction; Children's fiction; Wizards, fiction; Hogwarts school of witchcraft and wizardry (imaginary organization), fiction; Magic, fiction; Fiction, fantasy, general; Magie; Magiciens; Schulferien; Deutschland; Verrat; Freundschaft; Romans, nouvelles, etc. pour la jeunesse; Junge; Good and evil; Jugendgruppe; Fabeltiere; Lüge; Rache; Boarding schools; Deutschland Grenzschutzkommando Mitte Schule; Potter, Harry (Personnage fictif); English literature; Hermione Granger (Fictitious character); Ron Weasley (Fictitious character); Large type books; Juvenile films; Películas cinematográficas juveniles; Hechiceros; Potter, Harry (Personaje literario); Children stories; Novela juvenil; Reading materials; Adventure and adventurers, fiction; Friendship, fiction; Witches, fiction; English Fantasy literature; Translations into Marathi","For Harry Potter, it’s the start of another far-from-ordinary year at Hogwarts when the Knight Bus crashes through the darkness and comes to an abrupt halt in front of him.

It turns out that Sirius Black, mass-murderer and follower of Lord Voldemort, has escaped – and they say he is coming after Harry.

In his first Divination class, Professor Trelawney sees an omen of death in Harry’s tea leaves.

And perhaps most frightening of all are the Dementors patrolling the school grounds with their soul-sucking kiss – in search of fresh victims.

([source][1])


  [1]: https://www.jkrowling.com/book/harry-potter-prisoner-azkaban/",10580435,279,4.243328,637,4221,1149,https://openlibrary.org/works/OL82536W
/works/OL82563W,Harry Potter and the Philosopher's Stone,J. K. Rowling,1997,Science Fiction,"series:Harry_Potter; Ghosts; Monsters; Vampires; Witches; Challenges and Overcoming Obstacles; Magic and Supernatural; Cleverness; School Life; school stories; Wizards; Magic; MAGIA; MAGOS; Juvenile fiction; Fiction; NOVELAS INGLESAS; Schools; orphans; fantasy fiction; England in fiction; Witches in fiction; Wizards in fiction; Alchemy; New York Times bestseller; Juvenile literature; Magic in fiction; Open Library Staff Picks; Juvenile audience; Children's stories; Juvenile works; Schools in fiction; Fantasy; Ficción juvenil; Escuelas; Translations from English; Chinese fiction; Reading Level-Grade 9; Reading Level-Grade 11; Reading Level-Grade 10; Reading Level-Grade 12; Hogwarts school of witchcraft and wizardry (imaginary organization), fiction; Children's fiction; Schools, fiction; England, fiction; Wizards, fiction; Magic, fiction; Fiction, fantasy, general; Magier; Fabeltiere; Lehrling; Kinderbuch; Stein der Weisen; Ungeheuer; Junge; English language; Translating into Welsh; Literary theory; English literature; Latin language materials; Romans, nouvelles, etc. pour la jeunesse; Poudlard, école de sorcellerie (Organisation imaginaire); Sorciers; Sorcières; Magie; Internats; Adventure and adventurers, fiction; Action & Adventure; Fantasy & Magic; Social Themes; Friendship; Friendship, fiction; German language materials; Witchcraft, fiction; Wizard; NOVELAS FANTÁSTICAS; NOVELAS JUVENILES INGLESAS; Écoles; Hechicería; Novela juvenil; Ingleterra; Mystery; roman; English Fantasy literature; Translations into Marathi; English fiction; Translations into Chinese; Children - harry potter; Teen fiction; Children - fiction & literature; Science fiction & fantasy; Fiction - people; Places & cultures; Adventure; Supernatural; harry potter; j.k rowling; Spanish language materials; award:Nēnē_award; Young Adult; Children's Books; Childrens; Middle Grade; Classics","Turning the envelope over, his hand trembling, Harry saw a purple wax seal bearing a coat of arms; a lion, an eagle, a badger and a snake surrounding a large letter 'H'.

HARRY POTTER has never even heard of Hogwarts when the LETTERS start dropping on the doormat at number four, Privet Drive. Addressed in GREEN INK on yellowish parchment with a PURPLE SEAL, they are swiftly confiscated by his GRISLY aunt and uncle. Then, on Harry's eleventh birthday, a great beetle-eyed giant of a man called RUBEUS HAGRID bursts in with some ASTONISHING news: Harry Potter is a wizard, and he has a place at Hogwarts School of Witchcraft and Wizardry. An incredible adventure is about to begin!",15155833,399,4.2144957,1021,20141,1673,https://openlibrary.org/works/OL82563W
/works/OL515754W,Flowers for Algernon,Daniel Keyes,1966,Science Fiction,"institutionalization; dementia; phenylketonuria; award:nebula_award=novel; Brain; Surgery; People with mental disabilities; Gifted persons; Fiction; American Science fiction; Retrasados mentales; Niños superdotados; Open Library Staff Picks; Readers; Cerebro; Ficción juvenil; Cirugía; Science fiction; Juvenile fiction; Young adult fiction; Psychological fiction; Personas dotadas; Nebula Award; Novela; Reading Level-Grade 7; Reading Level-Grade 9; Reading Level-Grade 8; Reading Level-Grade 11; Reading Level-Grade 10; Reading Level-Grade 12; Fiction, science fiction, general; Large type books; Children's fiction; People with mental disabilities, fiction; Mentally handicapped; Personnes ayant une déficience intellectuelle; Romans, nouvelles; Surdoués; Cerveau; Chirurgie; Grifted peoples","Until he was thirty-two, Charlie Gordon --gentle, amiable, oddly engaging-- had lived in a kind of mental twilight. He knew knowledge was important and had learned to read and write after a fashion, but he also knew he wasn't nearly as bright as most of the people around him. There was even a white mouse named Algernon who outpaced Charlie in some ways. But a remarkable operation had been performed on Algernon, and now he was a genius among mice. Suppose Charlie underwent a similar operation...",12947700,79,4.266667,105,990,225,https://openlibrary.org/works/OL515754W
/works/OL5735363W,The Hunger Games,Suzanne Collins,2008,Science Fiction,"severe poverty; starvation; oppression; effects of war; self-sacrifice; Science fiction; Apocalyptic fiction; Dystopian fiction; Fiction; Juvenile works; Novels; Young adult works; Juvenile fiction; contensts; Young adult fiction; Game shows; Television programs; New York Times bestseller; Contests; nyt:series_books=2010-08-21; Long Now Manual for Civilization; Reality television programs; Television game shows; Survival; Interpersonal relations; Roman; Amerikanisches Englisch; Sisters; Young women; Dystopias; Survival skills; Blind; Books and reading; Reading Level-Grade 9; Reading Level-Grade 8; Reading Level-Grade 11; Reading Level-Grade 10; Reading Level-Grade 12; Survival Stories; Action & Adventure; Children's fiction; Survival, fiction; Interpersonal relations, fiction; Contests, fiction; Television, fiction; Large type books; Future; violent; life risking; bravery.; Roman pour jeunes adultes; Habiletés de survie; Roman d'aventures; Concours et compétitions; Relations humaines; Romans, nouvelles; Émissions televiseés; Spanish language materials; Supervivencia; Novela juvenil; Relaciones humanas; Programas de televisión; Concursos; Fantastische Erzahlung; Fantastische Literatur; Action and adventure fiction; Contests Fiction; Fictional Work; Interpersonal relations Fiction; Jeux télévisés Romans, nouvelles, etc. pour la jeunesse; Reality television programs Fiction; Reality television programs Juvenile fiction; Romans; Survival Fiction; Survival skills Fiction; Television game shows Juvenile fiction; Television programs Fiction; Émissions télévisées; Novela; Televisión; Programas; Competencias; American fiction; Translations into Chinese; Chinese language materials; Romans, nouvelles, etc. pour la jeunesse; Literature and fiction, juvenile; Short stories; Fantasy fiction; American literature, study and teaching; Serie:The_Hunger_Games","The Hunger Games is a 2008 dystopian novel by the American writer Suzanne Collins. It is written in the perspective of 16-year-old Katniss Everdeen, who lives in the future, post-apocalyptic nation of Panem in North America. The Capitol, a highly advanced metropolis, exercises political control over the rest of the nation. The Hunger Games is an annual event in which one boy and one girl aged 12–18 from each of the twelve districts surrounding the Capitol are selected by lottery to compete in a televised battle royale to the death.

The book received critical acclaim from major reviewers and authors. It was praised for its plot and character development. In writing The Hunger Games, Collins drew upon Greek mythology, Roman gladiatorial games, and contemporary reality television for thematic content. The novel won many awards, including the California Young Reader Medal, and was named one of Publishers Weekly's ""Best Books of the Year"" in 2008.

The Hunger Games was first published in hardcover on September 14, 2008, by Scholastic, featuring a cover designed by Tim O'Brien.",12646537,143,4.1243143,547,5878,952,https://openlibrary.org/works/OL5735363W
/works/OL46881W,Jurassic Park,Michael Crichton,1990,Science Fiction,"dichogamy; corporate espionage; science fiction; cautionary tale; genetic engineering; amusement parks; dinosaurs; chaos theory; Procompsognathus; paleontologists; paleobotanists; theme parks; cloning; ancient DNA; lysine; auxotrophy; chaos theorists; complex systems; velociraptors; backdoor; Tyrannosaurus; biotechnologists; napalm; Clones and cloning; Fiction; Large type books; Fiction, science fiction, action & adventure; Fiction, technological; Fiction, thrillers, general; Jurassic park (imaginary place), fiction; Malcolm, ian (fictitious character), fiction; Dinosaurs, fiction; Fiction, suspense; Zhang pian xiao shuo; Ke xue huan xiang xiao shuo; Fiction, thrillers, technological; Dinosaurios; Novela; Parques de diversiones; Spanish language materials; Animal genetic engineering; Suspense fiction; Thrillers (Fiction); American fiction; Translations into Chinese; Chang pian xiao shuo; Juvenile fiction; Amusement parks, fiction; Brothers and sisters, fiction; Scientists, fiction; Long Now Manual for Civilization","Jurassic Park is a 1990 science fiction novel written by Michael Crichton. A cautionary tale about genetic engineering, it presents the collapse of an amusement park showcasing genetically re-created dinosaurs to illustrate the mathematical concept of chaos theory and its real-world implications. A sequel titled The Lost World, also written by Crichton, was published in 1995. In 1997, both novels were re-published as a single book titled Michael Crichton's Jurassic World. In 1996 it was awarded the Secondary BILBY Award.

Also contained in:
[Congo/Jurassic Park](https://openlibrary.org/works/OL8475707W)
[Michael Crichton's Jurassic World](https://openlibrary.org/works/OL14950507W)",12882940,93,4.1809044,199,1317,291,https://openlibrary.org/works/OL46881W
/works/OL16925622W,The One (The Selection #3),Kiera Cass,2012,Science Fiction,"Science Fiction; Young adult fiction; Dystopian Fiction; romance; Children's fiction; Marriage, fiction; Contests, fiction; Love, fiction; Princes, fiction; Contests; Love; Princes; Revolutionaries; Social classes; Marriage; Fiction; Juvenile fiction; Princesses, fiction; Selection; Royalty; Triangles (Interpersonal relations); Girls & Women; Love stories","THE SELECTION changed the lives of thirty-five girls forever. Now, only one will claim Prince Maxon’s heart…

It’s swoon meets the Hunger Games in the final instalment of THE SELECTION trilogy!

For the four girls who remain at the palace, the friendships they’ve formed, rivalries they’ve struggled with and dangers they’ve faced have bound them to each other for the rest of their lives.

Now, the time has come for one winner to be chosen.

America never dreamed she would find herself anywhere close to the crown – or to Prince Maxon’s heart. But as the competition approaches its end and the threats outside the palace walls grow more vicious, America realises just how much she stands to lose – and how hard she’ll have to fight for the future she wants.

The breathtaking finale to THE SELECTION trilogy will make you swoon!",7284881,26,4.516129,31,455,64,https://openlibrary.org/works/OL16925622W
/works/OL36410330W,Fatta Eld,Suzanne Collins,2009,Science Fiction,"Action/Adventure; Fantasy; teen fiction; juvenile works; interdependence; independence; Games; Apocalyptic literature; Competition; teenage girls; sisters; poverty; Contests; Insurgency; Open Library Staff Picks; Survival; Fiction; Interpersonal relations; Television programs; Dystopias; Adventures and Adventurers; Television; Courage; Bravery; Heroism; Defiance and Talking Back; Adventure and adventurers; Girls; Blind; Books and reading; Young adult fiction; Television game shows; Dystopian; Science fiction; Survival Stories; Self-Esteem & Self-Reliance; Action & Adventure; JUVENILE FICTION; Social Themes; Survival skills; Reading Level-Grade 9; Reading Level-Grade 8; Reading Level-Grade 11; Reading Level-Grade 10; Reading Level-Grade 12; Children's fiction; Interpersonal relations, fiction; Contests, fiction; Television, fiction; Survival, fiction; Reality television programs; Large type books; Katniss Everdeen (Fictitious character); Spanish language materials; Supervivencia; Novela juvenil; Relaciones humanas; Insurgencia; Programas de televisión; Concursos; Distopías; Spanish language; nyt:chapter-books=2009-09-20; New York Times bestseller; Novela; Televisión; Programas; Reading materials; Phantastische Erzahlung; Phantastische Literatur; Wilderness survival; Révoltes; Romans, nouvelles, etc. pour la jeunesse; Habiletés de survie; Jeux télévisés; Concours et compétitions; Dystopies; Filles; Fiction, science fiction, general; Serie:The_Hunger_Games; Insurgency -- Fiction","Against all odds, Katniss Everdeen has won the Hunger Games. She and fellow District 12 tribute Peeta Mellark are miraculously still alive. Katniss should be relieved, happy even. After all, she has returned to her family and her longtime friend, Gale. Yet nothing is the way Katniss wishes it to be. Gale holds her at an icy distance. Peeta has turned his back on her completely. And there are whispers of a rebellion against the Capitol—a rebellion that Katniss and Peeta may have helped create. 

Much to her shock, Katniss has fueled an unrest that she's afraid she cannot stop. And what scares her even more is that she's not entirely convinced she should try. As time draws near for Katniss and Peeta to visit the districts on the Capitol's cruel Victory Tour, the stakes are higher than ever. If they can't prove, without a shadow of a doubt, that they are lost in their love for each other, the consequences will be horrifying.

In Catching Fire, the second novel of the Hunger Games trilogy, Suzanne Collins continues the story of Katniss Everdeen, testing her more than ever before . . . and surprising readers at every turn.",12646539,116,4.118243,296,1488,579,https://openlibrary.org/works/OL36410330W
/works/OL29286W,Alanna,Tamora Pierce,1954,Science Fiction,"Fiction; Song of the Lioness; Tortall; Knights and knighthood; Sex role; Knights and knighthood in fiction; Sex role in fiction; Alanna (Fictitious character : Pierce); Juvenile fiction; Fantasy fiction; Middle Ages in fiction; Middle Ages; Reading Level-Grade 7; Reading Level-Grade 6; Reading Level-Grade 9; Reading Level-Grade 8; Reading Level-Grade 11; Reading Level-Grade 10; Reading Level-Grade 12; Children's fiction; Science fiction; Fiction, fantasy, general; Girls, fiction; Adventure and adventurers, fiction; Jumeaux; Romans, nouvelles; Rôle selon le sexe; Chevaliers; Sex role, fiction; Knights and knighthood, fiction; Young adult fiction, fantasy, general; Young adult fiction, girls & women; Young adult fiction, action & adventure, general; Women heroes","""From now on, I'm Alan of Trebond, the younger twin. I'll be a knight.

And so yound Alanna of Trebond begins the journey to knighthood. Though a girl, Alanna has always craved the adventure and daring allowed only for boys; her twin brother, Thom, yearns to learn the art of magin. So one day they decide to switch places. Disguised as a girl, Thom heads for the convent to learn magic; Alanna, pretending to be a boy, is on her way to the castle of King Roald to begin training as a page.

But the road to knighthood is not an easy one. As Alanna masters the skills necessary for battle, she must also learn to control her heart and discern her enemies from her allies.

Filled with swords and scorcery, adventure and intrigue, good and evil, Alanna's first adventure begins--one that will lead to the fulfillment of her dreams and the magical destiny that will mke her a legend in her land.",9256278,38,4.3488374,43,227,96,https://openlibrary.org/works/OL29286W
/works/OL2628761W,Sabriel,Garth Nix,1995,Science Fiction,Fathers and daughters; Missing persons; Magic; Teen fantasy fiction; Fiction; Fantasy; Science Fiction & Fantasy; Fantasy fiction; Juvenile Fiction; Magical thinking; Children's fiction; Young adult; fantacy; Reading Level-Grade 9; Reading Level-Grade 11; Reading Level-Grade 10; Reading Level-Grade 12; Sabriel (Fictitious character) ‡v Fiction; Old Kingdom (Imaginary place); collection:Name,"Ever since she was a tiny child, Sabriel has lived outside the walls of the Old Kingdom, away from the random power of Free Magic, and away from the Dead who won't stay dead. But now her father, the Mage Abhorsen, is missing, and to find him Sabriel must cross back into that world.

Though her journey begins alone, she soon finds companions: Mogget, whose seemingly harmless feline form hides a powerful and perhaps malevolent spirit; and Touchstone, a young Charter Mage long imprisoned by magic, now free in body but still trapped by painful memories.

With threats on all sides and only each other to trust, the three must travel deep into the Old Kingdom, toward a battle that will pit them against the true forces of life and death, and bring Sabriel face-to-face with her own hidden destiny.

A tale of dark secrets, deep love and dangerous magic, Sabriel introduces Garth Nix as an exceptional new talent.",13165306,42,4.2978725,47,191,87,https://openlibrary.org/works/OL2628761W
/works/OL277761W,The Struggle,Lisa Jane Smith,1991,Science Fiction,"Children's fiction; Fantasy fiction; Vampires, fiction; Horror stories; Children's Books -- Literature -- Popular Culture; Children's Books -- Literature -- Science Fiction, Fantasy, Mystery & Horror -- Science Fiction, Fantasy, & Magic; Children's Books -- Literature -- Science Fiction, Fantasy, Mystery & Horror -- Spine-Chilling Horror; Teens -- Literature & Fiction -- Love & Romance; Teens -- Science Fiction & Fantasy -- Fantasy; Teens -- Series; Fiction, horror; Fiction, romance, fantasy; Triangles (Interpersonal relations); Brothers; Supernatural; Vampires; Paranormal fiction; Juvenile fiction; Fiction; Brothers and sisters, fiction; Elena (Fictitious character); Damon (Fictitious character); Hermanos; Teenage girls; Muchachas adolescentes; Spanish language materials; Novela juvenil; Vampiros; Sibling rivalry; Vampire; Tagebuch; Juvenile literature; Literatură americană; Roman fantastic","The Vampire Diaries : a Trilogy, Vol II",206108,29,4.571429,21,369,26,https://openlibrary.org/works/OL277761W
/works/OL14871228W,The Adventures of Captain Underpants,Dav Pilkey,1997,Science Fiction,"Humorous stories; School principals; Cartoons and comics; Heroes; Fiction; American Humorous stories; Children's stories, American; Extraterrestrial beings; Juvenile fiction; Captain Underpants (Fictitious character); Science fiction; Schools; Children's fiction; Adventure and adventurers, fiction; Héroes; Ficción juvenil; Superintendentes y directores; Escuelas; Metamorphosis; Cuentos humorísticos; Child authors; Caricatures and cartoons; Heroes and heroines; School superintendents and principals; Humorous fiction; Niños autores; Metamorfosis (Biología); Novela infantil; Spanish language materials; Captain underpants (fictitious character), fiction; Heroes, fiction; Schools, fiction; Còmics; Llibres per a infants; Escola; Narrativa per a infants; Teachers; Bobette, Capitaine (Personnage fictif); Romans, nouvelles, etc. pour la jeunesse; Écoles; Enseignants; Directeurs d'école; Héros; Récits humoristiques; Action & Adventure; Social Themes; Friendship; Spanish language; H?eroes; Captain Underpants (Fictional character); School stories; New York Times reviewed; Juvenile literature","When George and Harold hypnotize their principal into thinking that he is the superhero Captain Underpants, he leads them to the lair of the nefarious Dr. Diaper, where they must defeat his evil robot henchmen.",12625278,85,4.2686567,67,677,77,https://openlibrary.org/works/OL14871228W
/works/OL70988W,The Chronicles of Narnia,C. S. Lewis,1970,Science Fiction,"Fantasy fiction; Fiction; Juvenile works; Juvenile fiction; Juvenile audience; good and evil; children; fantasy; Action and adventure fiction; Princes; Fairy tales; Friendship; Witches; the Blitz; fauns; Turkish Delight; lions; English Children's stories; Fantasy & Magic; Action & Adventure; Classics; English Fantasy fiction; Winter; Science Fiction & Fantasy; English Christian fiction; Leones; christianity; Brujas; Magic; Children's stories; English; Ficción juvenil; Novela fantástica; siblings; Bien y mal; Lion; Animals Action & Adventure; JUVENILE FICTION / Legends, Myths, Fables; JUVENILE FICTION / Fantasy & Magic; Narnia (Imaginary place); JUVENILE FICTION / Classics; Children's fiction; Narnia (imaginary place), fiction; Magic, fiction; Child and youth fiction; Fiction, fantasy, general; Lewis, c. s. (clive staples), 1898-1963; Fantasy fiction, history and criticism; Literary recreations; Questions and answers; Princesses, fiction","Journeys to the end of the world, fantastic creatures, and epic battle between good and evil - what more could any reader ask for in one book? The book that has it all is THE LION, THE WITCH AND THE WARDROBE, written in 1919 by C.S. Lewis. But Lewis did not stop there. Six more books followed and together they became known as The Chronicles of Narnia.

For the past fifty years, The Chronicles of Narnia has transcended the fantasy genre to become part of the canon of classic literature. Each of the seven books is a masterpiece, drawing the reader into a world where magic meets reality, and the result is a fictional world whose scope has fascinated generations.

This edition presents all seven books - unabridged - in one impressive volume. The books are presented here according to Lewis's preferred order, each chapter graced with an illustration by the original artist, Pauline Baynes. This edition also contains C. S. Lewis's essay ""On Three Ways of Writing for Children,"" in which he explains precisely how the magic of Narnia and the realm of fantasy appeal not only to children but to discerning readers of all ages. Deceptively simple and direct, The Chronicles of Narnia continue to captivate fans with adventures, characters, and truths that speak to all readers, even fifty years after the books were first published.
--front flap

Contains:
The Magician's Nephew; [The Lion, the Witch and the Wardrobe](https://openlibrary.org/works/OL71175W); The Horse and His Boy; Prince Caspian; The Voyage of the Dawn Treader; The Silver Chair; and The Last Battle.",9321656,60,4.1686745,83,703,134,https://openlibrary.org/works/OL70988W
/works/OL3506116W,Sadako and the Thousand Paper Cranes,Eleanor Coerr,1977,Historical Fiction,"Fiction; Historical Fiction; Juvenile Fiction; Leukemia; Atomic bomb; Death; Bombas atómicas; Efectos fisiológicos; Physiological effects; Historia; History; Literatura juvenil; Leucemia; Leukemia in children; Muerte; Physiological effect; Foreign Language Study - Spanish; Children's 12-Up - Fiction - History; Spanish: Grades 4-7; Accelerated Reader; Accelerated Reader - 4.7; Psychological effect; Origami; Origami in literature; collection:origami; Leukemia, juvenile literature; Atomic bomb, juvenile literature; Atomic bomb, physiological effect; Hiroshima-shi (japan); Juvenile literature; Children's fiction; Children, fiction; Bombardment of Hiroshima-shi (Japan : 1945) fast (OCoLC)fst01352071 (uri) http://id.worldcat.org/fast/fst01352071","Hiroshima-born Sadako is lively and athletic--the star of her school's running team. And then the dizzy spells start. Soon gravely ill with leukemia, the ""atom bomb disease,"" Sadako faces her future with spirit and bravery. Recalling a Japanese legend, Sadako sets to work folding paper cranes. For the legend holds that if a sick person folds one thousand cranes, the gods will grant her wish and make her healthy again. Based on a true story, *Sadako and the Thousand Paper Cranes* celebrates the extraordinary courage that made one young woman a heroine in Japan",10870775,32,4.6666665,30,250,42,https://openlibrary.org/works/OL3506116W
/works/OL18020192W,The Hired Girl,Laura Amy Schlitz,2015,Historical Fiction,"Women household employees; diaries; authorship; farm life; young adult fiction; hired help; Young adult works; Teen fiction; Diary fiction; Historical fiction; Fiction; History; Juvenile works; Historical fiction, Teenage; Juvenile fiction; Juvenile audience; teenage girls; household employees; nyt:young-adult-hardcover=2015-12-27; New York Times bestseller; New York Times reviewed; Children's fiction; Pennsylvania, fiction; Farm life, fiction; United states, history, 20th century, fiction; Diaries, fiction","Ever since the untimely death of her mother, 14 year-old Joan Skraggs has been desperately unhappy. Under the thumb of her cruel father and three sullen brothers, Joan lives like a servant on their farm just outside of Lancaster, forever cooking, cleaning, and attending to the many demands of the home. But she has little freedom, and less support from her family for her love of reading and blossoming interest in education. But when her father tells Joan she can't go to school anymore, it sets off a journey that will see her become first a runaway, then a hired girl on $6 a week, and finally her very own young woman. Set in America during the optimistic years before the First World War, and told through a series of journal entries, THE HIRED GIRL is the story of a young girl in search of Real Life and True Love. It takes in feminism and housework; money, religion, and social class; literature and education, romanticism and realism, first love and sexual yearnings, cats, hats, and bunions. And it's a comedy.",11610624,11,4.311111,90,1081,153,https://openlibrary.org/works/OL18020192W
/works/OL115602W,"Bud, Not Buddy",Christopher Paul Curtis,1994,Historical Fiction,"Noirs américains; Depressions; Littérature de jeunesse anglaise; Coretta Scott King Award; History; Fiction; Runaways; Juvenile fiction; Romans, nouvelles, etc. pour la jeunesse; Crises économiques; African Americans; Runaway children; Runaway children -- Juvenile fiction; African Americans -- Juvenile fiction; Depressions -- 1929 -- Juvenile fiction; Great Depression, 1929-1939; Historical; Boys & Men; African American; People & Places; 20th Century; Reading Level-Grade 3; Reading Level-Grade 5; Reading Level-Grade 4; Reading Level-Grade 7; Reading Level-Grade 6; Reading Level-Grade 8; Orphans; Jazz; Ficción juvenil; Afronorteamericanos; Crisis económicas; Huérfanos; Spanish language materials; Prófugos; Newbery Medal; Large type books; Children's fiction; Runaways, fiction; Depressions, fiction; African americans, fiction; Michigan, fiction; Fathers and sons, fiction; Novela juvenil; Personas desaparecidas; Novela; Depresiones; Drama; Fathers, fiction; Musicians; African American jazz musicians; award:Newbery_award; lexile:950; lexile_range:901-1000; age:min:10; age:max:11; grade:min:5; grade:max:6; American literature; award:Nēnē_award; Historical Fiction; Young Adult; Middle Grade; Childrens; Children's Books; Classics; Realistic Fiction","It's 1936, in Flint, Michigan. Times may be hard, and ten-year-old Bud may be a motherless boy on the run, but Bud's got a few things going for him:

He has his own suitcase full of special things.

He's the author of Bud Caldwell's Rules and Things for Having a Funner Life and Making a Better Liar Out of Yourself.

His momma never told him who his father was, but she left a clue: flyers advertising Herman E. Calloway and his famous band, the Dusky Devastators of the Depression!!!!!!

Bud's got an idea that those flyers will lead him to his father. Once he decides to hit the road and find this mystery man, nothing can stop him--not hunger, not fear, not vampires, not even Herman E. Calloway himself.",9342833,38,4.5151515,33,525,50,https://openlibrary.org/works/OL115602W
/works/OL4783048W,The Bronze Bow,Elizabeth George Speare,1961,Historical Fiction,"Juvenile fiction; Newbery Medal; Fiction; Historical fiction; Jesus christ, fiction; Jews, history, fiction; Palestine, fiction; Rome, history, fiction; Children's fiction; Books and reading; Study and teaching; Reading (Elementary); Children's literature; Children; English fiction; Revenge; Forgiveness","After witnessing his father's crucifixion by Roman soldiers, Daniel bar Jamin is fired by a single passion: to avenge his father's death by driving the Roman legions from the land of Israel. Consumed by hatred, Daniel joins the brutal raids of an outlaw band living in the hills outside his village. Though his grandmother's death slows his plans by forcing him to move home to care for his sister, he continues his dangerous life by leading a group of the boy guerrillas in spying and plotting, impatiently waiting to take revenge. In nearby Capernaum, a rabbi is teaching a different lesson. Time and again Daniel is drawn to the teachings of Jesus of Nazareth, only to turn away, disappointed and confused by Jesus' lack of action in opposing the Romans. Devoid of tenderness and forgiveness, headstrong Daniel is also heedless of the loyalty of his friend Joel; the love of Joel's sister, Malthace; and the needs of his own disturbed sister, Leah, dragging them down his destructive path towards disaster. Elizabeth George Speare won the 1962 Newbery Medal for this magnificent novel of Daniel's tormented journey from a blind, confining hatred to his acceptance and understanding of love. Booklist called it ""a dramatic, deeply felt narrative whose characters and message will be long remembered."" - Inside front cover.

""Angry and bitter, a teenager in ancient Israel fights the occupation of his land by the Romans. He plots revenge and carries out daring raids, never doubting his ideals, until all of his actions, plans, and notions are brought into question by a man who fights the Romans with a force stronger than hatred.""",255407,31,4.736842,19,235,31,https://openlibrary.org/works/OL4783048W
/works/OL16465449W,The One and Only Ivan,Katherine Applegate,2011,Historical Fiction,"Animals; Elephants; Fiction; Gorilla; Treatment; Juvenile fiction; Circus animals; Circus; Animal welfare; Social Themes; Zoos; Gorillas; Friendship; Apes, Monkeys; nyt:childrens-middle-grade=2013-02-17; New York Times bestseller; historical fiction; Newbery Medal; Gorilla, fiction; Elephants, fiction; Animals, treatment, fiction; Children's fiction; nyt:childrens-middle-grade-paperback=2015-08-30; Circos; Spanish language materials; Amistad; Ficción juvenil; Elefantes; Bienestar de los animales; Gorilas; Animales del circo; nyt:childrens-middle-grade-e-book=2015-11-22; Friendship, fiction; Zoos, fiction; award:Newbery_award","Having spent 27 years behind the glass walls of his enclosure in a shopping mall, Ivan has grown accustomed to humans watching him. He hardly ever thinks about his life in the jungle. Instead, Ivan occupies himself with television, his friends Stella and Bob, and painting. But when he meets Ruby, a baby elephant taken from the wild, he is forced to see their home, and his art, through new eyes.",12656488,35,4.4130435,46,557,60,https://openlibrary.org/works/OL16465449W
/works/OL21177W,Wuthering Heights,Emily Brontë,1846,Historical Fiction,"form:novel; genre:tragedy; genre:gothic; British and irish fiction (fictional works by one author); Children's fiction; Classic fiction; Classic Literature; Country homes; Country life; Cousins; Death; Drama; English language; English language readers; English literature; Examinations; Families; family life; Fiction; Foundlings; Historical Fiction; Inheritance and succession; Interpersonal relations; Juvenile fiction; Landscape in literature; love; Manners and customs; orphans; Psychological fiction; Reading Level-Grade 7; Reading Level-Grade 8; Reading Level-Grade 9; Reading Level-Grade 10; Reading Level-Grade 11; Reading Level-Grade 12; Rejection (Psychology); revenge; romance; Romance fiction; romantic fiction; Rural families; slavery; Social life and customs; tragedy; Triangles (Interpersonal relations); Young women; Fiction, general; Revenge -- Fiction; Rejection (Psychology) -- Fiction; Love stories; Domestic fiction; Yorkshire (England) -- Fiction; Foundlings -- Fiction; Rural families -- Fiction; Heathcliff (Fictitious character : Brontë) -- Fiction; Triangles (Interpersonal relations) -- Fiction; Heathcliff (fictitious character), fiction; Fiction, family life, general; Fiction, psychological; Fiction, romance, general; Man-woman relationships, fiction; England, fiction; Triangle (Relations humaines); Romans, nouvelles; Rejet (Psychologie); Familles rurales; Enfants trouvés; Wuthering Heights (Brontë, Emily); Vengeance; English fiction; Triangles (Interpersonal relationships); Yorkshire (England); Roman anglais; Relations entre hommes et femmes; Mœurs et coutumes; Women; Femmes; Heathcliff (Fictitious character); Catherine Earnshawm (Fictitious character); English Gothic fiction; Adaptations; Social conditions; Interpersonal relations, fiction; Roman; Englisch; Wuthering heights (Emily Brontë); Comics & graphic novels, romance; Love, fiction; Comic books, strips, etc.; Comics & graphic novels, literary; Literature, collections; American fiction; Foundlings in fiction; Rural families in fiction; England in fiction; Revenge in fiction; Landscape in literature in fiction; Slavery in fiction; Reading books; Country life in fiction; Readers; Orphans in fiction; Study and teaching; Love in fiction; Readers (Adult); Study guides; Zhang pian xiao shuo; Heathcliff (Fictitious character : Brontë); Social conflict; Triangles (interpersonal relations)--fiction; Revenge--fiction; Pr4172 .w7 2009c; 823/.8; Hl 2083; Bronte, emily, 1818-1848; Long Now Manual for Civilization; Man-woman relationships; Beuve de Hanstone (Legendary character); Texts","Wuthering Heights is an 1847 novel by Emily Brontë, initially published under the pseudonym Ellis Bell. It concerns two families of the landed gentry living on the West Yorkshire moors, the Earnshaws and the Lintons, and their turbulent relationships with Earnshaw's adopted son, Heathcliff. The novel was influenced by Romanticism and Gothic fiction.",12818862,2887,4.1030927,291,2930,389,https://openlibrary.org/works/OL21177W
/works/OL5819456W,The Book Thief,Markus Zusak,1998,Historical Fiction,"nyt:young-adult-paperback-monthly=2022-09-04; New York Times bestseller; New York Times reviewed; Books and reading; Fiction; Jews; History; World War, 1939-1945; Rescue; Storytelling; Death; Novela australiana; Livres et lecture; Romans, nouvelles; Juifs; Histoire; Guerre mondiale, 1939-1945; Sauvetage; Libros y lectura; Novela; Judios; Historia; Guerra Mundial II, 1939-1945; Book thefts; Jews rescue (1939-1945 : World War) fast (OCoLC)fst01710189; World War (1939-1945) fast (OCoLC)fst01180924; Death, fiction; Germany, history, fiction; Jews, history, fiction; World war, 1939-1945, fiction; Children's fiction; Storytelling, fiction; Books and reading, fiction; Juvenile fiction; Art de conter; Mort; World war ii; Gestapo; Judaism; Nazi; Nazi germany; Historical fiction; Narración de cuentos; Muerte; Literature; Judíos; Nyt:paperback_books=2007-09-09; Ficción; Jews rescue; German history; Books; Reading; Spanish language materials; Ficción juvenil; Guerra mundial ii; Fictional works; Large type books; Memory; Mothers; Family problems; Young adult fiction; Death (personification); Germany","The extraordinary, beloved novel about the ability of books to feed the soul even in the darkest of times.

When Death has a story to tell, you listen.

It is 1939. Nazi Germany. The country is holding its breath. Death has never been busier, and will become busier still.

Liesel Meminger is a foster girl living outside of Munich, who scratches out a meager existence for herself by stealing when she encounters something she can’t resist–books. With the help of her accordion-playing foster father, she learns to read and shares her stolen books with her neighbors during bombing raids as well as with the Jewish man hidden in her basement. 

In superbly crafted writing that burns with intensity, award-winning author Markus Zusak, author of I Am the Messenger, has given us one of the most enduring stories of our time.
 
“The kind of book that can be life-changing.” —The New York Times",8153054,109,4.173611,144,2482,271,https://openlibrary.org/works/OL5819456W
/works/OL17332150W,The war that Saved my Life,Kimberly Brubaker Bradley,2015,Historical Fiction,"YA fiction; abusive parenting; Brothers and sisters; Juvenile fiction; World War (1939-1945) fast (OCoLC)fst01180924; Fiction; Evacuation of civilians (1939-1945 : World War) fast (OCoLC)fst01710188; Evacuation of civilians; People with disabilities; Children with disabilities; World War, 1939-1945; History; Children's fiction; World war, 1939-1945, fiction; Great britain, history, fiction; People with disabilities, fiction; Brothers and sisters, fiction; Abusive parents; Family; Orphans & Foster Homes; Historical; Europe; Social Themes; Physical & Emotional Abuse; Siblings; Evacuation of civilians (1939-1945 : World War.) unknown; World War (1939-1945.) unknown; nyt:childrens-middle-grade-hardcover=2016-01-31; New York Times bestseller; Historical fiction; Newbery Honor; nyt:childrens-middle-grade-paperback=2016-06-19; Hermanos; Discapacitados; Guerra Mundial II, 1939-1945; Historia; Ficción juvenil; Evacuacion de civiles; Spanish language materials; nyt:childrens-middle-grade-e-book=2016-12-04; Siblings, fiction; award:Newbery_award; lexile:580; lexile_range:501-600; age:min:9; age:max:11; grade:min:4; grade:max:7","Nine-year-old Ada has never left her one-room apartment. Her mother is too humiliated by Ada’s twisted foot to let her outside. So when her little brother Jamie is shipped out of London to escape the war, Ada doesn’t waste a minute—she sneaks out to join him.
 
So begins a new adventure of Ada, and for Susan Smith, the woman who is forced to take the two kids in. As Ada teaches herself to ride a pony, learns to read, and watches for German spies, she begins to trust Susan—and Susan begins to love Ada and Jamie. But in the end, will their bond be enough to hold them together through wartime? Or will Ada and her brother fall back into the cruel hands of their mother?",7410332,15,4.6086955,23,227,37,https://openlibrary.org/works/OL17332150W
/works/OL1846074W,Number the Stars,Lois Lowry,1901,Historical Fiction,"Fiction; Friendship; Rescue; World War, 1939-1945; Jews; Juvenile fiction; Girls & Women; Newbery Medal; Holocaust; World War (1939-1945) fast (OCoLC)fst01180924; Judenvernichtung; Historical; Social Themes; Values & Virtues; Historical fiction; Dänemark; Rettung; Reading Level-Grade 5; Reading Level-Grade 4; Reading Level-Grade 7; Reading Level-Grade 6; Reading Level-Grade 8; Children's fiction; Denmark, fiction; World war, 1939-1945, fiction; Jews, fiction; Friendship, fiction; Large type books; Stars; Stars, fiction; Sweden, fiction; Jews, history, fiction; Denmark; Ficción juvenil; Guerra Mundial II, 1939-1945; Amistad; History; Holocaust, Jewish (1939-1945); Children's literature, Turkish; award:Newbery_award; lexile:670; lexile_range:601-700; age:min:9; age:max:11; grade:min:5; grade:max:7","Ten-year-old Annemarie Johansen and her best friend, Ellen Rosen, often think about life before the war. But it's now 1943, and their life in Copenhagen is filled with school, food shortages, and the Nazi soldiers marching in their town.
The Nazis won't stop. The Jews of Denmark are being ""relocated,"" so Ellen moves in with the Johansens and pretends to be part of the family. Then Annemarie is asked to go on a dangerous mission. Somehow she must find the strength and courage to save her best friend's life. There's no turning back now.",13249599,91,4.149533,107,947,174,https://openlibrary.org/works/OL1846074W
/works/OL8193478W,Oliver Twist,Charles Dickens,1822,Historical Fiction,"Bildungsromans; Boys; Brigands and robbers; British and irish fiction (fictional works by one author); British fiction; Children; Children's fiction; Children's stories; Classic; Coming of age; Criminals; Criminels; Criticism and interpretation; Customs; Enfants pauvres; English language; English literature; Fiction; fiction classics; Historical fiction; History; Identity (Psychology); Juvenile fiction; Kidnapping; Kidnapping victims; Literature; Literature and fiction; Manners and customs; Manuels pour allophones; Missing persons; Novels; Orphans; Poor children; Poverty; Readers; Robbers and outlaws; Social conditions; Social life; Social life and customs; Sources; Stories; Street life; Thieves; Victimes d'enlèvement; Victims; Vie dans la rue; YA; Young adult; serials; workhouses; child labour; domestic violence; street children; Kidnap victims; Pickpockets; English fiction; Orphans -- Juvenile drama; Children's plays, English; London (England) -- Social conditions -- 19th century -- Juvenile drama; Poor; Dickens, charles , 1812-1870; Twist, oliver; Kidnapping victims--fiction; Criminals--fiction; Orphans--fiction; Boys--fiction; Pr4567.a2 k35 1993; 823/.8; Criminals, fiction; London (england), fiction; Fiction, coming of age; Crime, fiction; Large type books; Orphans, fiction; Robbers and outlaws, fiction; England, fiction; Language and languages; Drama; Literature, british isles; London (england), history, fiction; Fiction, psychological; Fiction, mystery & detective, general; Children's plays; Plays; Fiction, historical, general; English language, juvenile literature; Fiction, general; Long Now Manual for Civilization; Romans, nouvelles; Oliver Twist (Fictitious character); Adventure stories; Bookplate","Oliver Twist; or, The Parish Boy's Progress, is the second novel by English author Charles Dickens. It was originally published as a serial from 1837 to 1839, and as a three-volume book in 1838. The story follows the titular orphan, who, after being raised in a workhouse, escapes to London, where he meets a gang of juvenile pickpockets led by the elderly criminal Fagin, discovers the secrets of his parentage, and reconnects with his remaining family.

Oliver Twist unromantically portrays the sordid lives of criminals, and exposes the cruel treatment of the many orphans in London in the mid-19th century.[2] The alternative title, The Parish Boy's Progress, alludes to Bunyan's The Pilgrim's Progress, as well as the 18th-century caricature series by painter William Hogarth, A Rake's Progress and A Harlot's Progress.

In an early example of the social novel, Dickens satirises child labour, domestic violence, the recruitment of children as criminals, and the presence of street children. The novel may have been inspired by the story of Robert Blincoe, an orphan whose account of working as a child labourer in a cotton mill was widely read in the 1830s. It is likely that Dickens's own experiences as a youth contributed as well, considering he spent two years of his life in the workhouse at the age of 12 and subsequently, missed out on some of his education.",13300802,2209,4.0963855,83,872,138,https://openlibrary.org/works/OL8193478W
/works/OL29983W,Little Women,Louisa May Alcott,1848,Historical Fiction,"Romans; Jeunes filles; Soeurs; Sisters; Young women; Fiction; Fiction, women; Young women, fiction; Family life; Literatura Norte Americana; Families; Juvenile fiction; March family (Fictitious characters); Domestic fiction; Bildungsromans; Historical fiction; Children's fiction; Family life, fiction; Sisters, fiction; New england, fiction; March family (fictitious characters), fiction; American fiction (fictional works by one author); Fiction, family life, general; Mothers and daughters, fiction; History; Dictionaries; English language; Spanish; Familias; Hermanas; Madre e hijas; Mothers and daughters; Ficción; Young men; Social life and customs; Manners and customs; Fiction, coming of age; Family, fiction; Fiction, family life; Children: Grades 4-6; Family; Fiction, general; Coloring books; German; Literarne študije; Little women; , Japanese language books, New England, Novela estadounidense, Američki građanski rat, ljubav, obitelj, odrastanje, growing up, žene, New England in fiction, Sisters in fiction, Family life in fiction, Mothers and daughters in fiction, Young women in fiction, Family in fiction,; Literature; collections; , American literature, New England -- Fiction, March family (Fictitious characters) -- Fiction, Sisters -- Fiction, Family life -- New England -- Fiction, Mothers and daughters -- Fiction, Young women -- Fiction, Autobiographical fiction, Children, Children's, Kids, Juvenile, American, Classic, Literature, Historical, Mothers, Daughtes, Married women, Orphans, Coming of life, Manners, Customs, Conduct of life, Social life, open_syllabus_project, Mother-daughter relationship, Folklore, Reading Level-Grade 5, Reading Level-Grade 4, Reading Level-Grade 7, Reading Level-Grade 6, Reading Level-Grade 8,; biographical; , Buried treasure, Pirates, Adventure and adventurers, Robin Hood (Legendary character), Legends, English Adventure stories, Jungle animals, Feral children, Jungles, Animals, Short stories, Adaptations,; historical; general; ,; romance; , Chang pian xiao shuo, Zhang pian xiao shuo, AR 8.6.,; Animals; Friendship; England; Treasure island (imaginary place); , British and irish fiction (fictional works by one author), Coming of age, Spanish language materials, Famille March (Personnages fictifs),; nouvelles; etc. pour la jeunesse; , Mères et filles, Jeunes femmes, Sœurs, Familles, Madres e hijas, Novela juvenil, Jóvenes (Mujeres), Materiales en español, Novela, FICTION / Classics, Hermanos, Familia,; Little women (Alcott; Louisa May); , Literature: Classics, Young Adult Books, Romance, Drama, Roman pour la jeunesse, Famille, Frères et soeurs,; Drama (dramatic works by one author); Long now manual for civilization; Juvenile literature; Conduct of life; Drama; American literature","Louisa May Alcotts classic novel, set during the Civil War, has always captivated even the most reluctant readers. Little girls, especially, love following the adventures of the four March sisters--Meg, Beth, Amy, and most of all, the tomboy Jo--as they experience the joys and disappointments, tragedies and triumphs, of growing up. This simpler version captures all the charm and warmth of the original.",8775559,1888,4.0487804,123,2504,242,https://openlibrary.org/works/OL29983W
/works/OL53908W,Adventures of Huckleberry Finn,Mark Twain,1876,Historical Fiction,"adventure and adventurers; Adventure stories; American fiction (fictional works by one author); American literature; Boys; Child and youth fiction; Children's fiction; child witnesses; Courtship; English language; friendship; Fugitive slaves; history; humor; Humorous stories; Juvenile fiction; juvenile literature; literature; Loyalty; Male friendship; Manners and customs; orphans; Personnages; Race relations; rafting; Rafting (Sports); Revenge; Runaway children; Runaways; runaway teenagers; satire; Sisters; slavery; Slaves; Social classes; social history-United States-1800s; Social life and customs; Travel; Voyage; voyages and travels; young men; Young women; American literature, history and criticism, 19th century; American literature, outlines, syllabi, etc.; American manuscripts; amitie masculine; Anglais (langue); boys in literature; Dictionaries; Dummies (Bookselling); enfants fugueurs; English as a second language; esclaves fugitifs; Examinations; Facsimiles; Foreign speakers; garcons; Garçons; Literary Criticism; Long Now Manual for Civilization; Manuscripts; open_syllabus_project; Readers; Readers for new literates; relations raciales; Romans; Rôle selon le sexe dans la littérature; Specimens; Study and teaching; Study guides; Fiction; Huckleberry Finn (Fictitious character); Romans, nouvelles, etc. pour la jeunesse; Voyages; Amitié; Histoire; Fiction, general; Mississippi river, fiction; Missouri, fiction; Adventure and adventurers, fiction; Slavery, fiction; Finn, huckleberry (fictitious character), fiction; Runaways (Fictitious characters); Romans, nouvelles; Friendship, fiction; Boys, fiction; Voyages and travels -- Fiction; Friendship -- Fiction; Slavery -- Fiction; Mississippi River -- Fiction; Missouri -- History -- 19th century -- Fiction; Children's literature; American fiction; Roman américain; Amitié masculine; Livres en gros caractères; Classes sociales; Jeunes femmes; Amours; Sœurs; Large print books; Fictional Works Publication Type; Adventures of Huckleberry Finn (Twain, Mark); Criticism and interpretation; Race relations in literature; Coming of age; Huckleberry Finn (Fictional character); Humorous; Action & Adventure; Mississippi, fiction; Enslaved persons, fiction; Fiction, coming of age; Fiction, humorous, general; Southern states, fiction; Finn, huckleberry; Finn, huckleberry (fictitious character); Finn, huckleberry (fictitious character)--fiction; Runaway children--fiction; Male friendship--fiction; Fugitive slaves--fiction; Race relations--fiction; Boys--fiction; Ps1305 .a1 2003; 813/.4; Twain, mark , 1835-1910; Boys--travel; Boys--travel--mississippi river--fiction; Sex role in literature; Boys--missouri--fiction; Ps1305.a2 g73 1995; Ps1305 .t93 1999; Boys & men; In literature; Spanish; French; The adventures of huckleberry finn (twain); Relations raciales dans la littérature; Huckleberry finn; Finn, huckleberry (personnage fictif); Fiction, action & adventure; Slaves, fiction; Fiction, humorous; United states, history; Twain, mark, 1835-1910; Sawyer, tom (fictitious character), fiction; Literature and fiction, juvenile; Fiction, historical; Tom sawyer (fictitious character); Aventuras-; Novelas-; Libros infantiles; Abenturak-; Eleberriak-; Haur eta gazteentzako liburuak; Wit and humor; History and criticism; Library; Personal copy; Historical fiction; African Americans; Adventure fiction; Large type books; Missouri Hannibal; Mississippi River","Adventures of Huckleberry Finn or as it is known in more recent editions, The Adventures of Huckleberry Finn, is a novel by American author Mark Twain, which was first published in the United Kingdom in December 1884 and in the United States in February 1885.

Commonly named among the Great American Novels, the work is among the first in major American literature to be written throughout in vernacular English, characterized by local color regionalism. It is told in the first person by Huckleberry ""Huck"" Finn, the narrator of two other Twain novels (Tom Sawyer Abroad and Tom Sawyer, Detective) and a friend of Tom Sawyer. It is a direct sequel to The Adventures of Tom Sawyer.",8157718,2623,3.9634147,246,1106,359,https://openlibrary.org/works/OL53908W
/works/OL1503145W,Island of the Blue Dolphins,Scott O’Dell,1960,Historical Fiction,"Children's fiction; Islands, fiction; Fiction; Indians of North America; Islands; Juvenile fiction; Newbery Medal; Survival; Survival skills; Brothers and sisters; Curricula; Survival Stories; Action & Adventure; Wilderness survival; Young women; People & Places; Native American; Girls & Women; Indians of north america, fiction; Survival, fiction; Large type books; Indians of mexico, fiction; California, fiction; Chumash women; Dolphins; Human-animal relationships; Newbery Medal books; Islas; Indios de América del Norte; Novela juvenil; Jóvenes (Mujeres); Ficción juvenil; Shipwreck survival; Supervivencia; Novela; Marine animals, fiction; American fiction; Translations into Chinese; Language Arts - General; Juvenile Nonfiction; Children: Grades 4-6; Water security; Foreign relations; Bibliography; award:Newbery_award; lexile:1000; lexile_range:1001-1100; age:min:8; age:max:11; grade:min:3; grade:max:7; Young Adult; Historical Fiction; Classics; Childrens; Middle Grade; Adventure; School; Historical; award:Nēnē_award","Story of a young girl abandoned on a small island by her family and her village, and of her fight for survival.

The incredible courage, determination and strength of this girl is showcased throughout as she learns to do the things that only the men of her tribe did before, and battles not only the hunters who frequent the island, but also her desperate loneliness as well...

Excellent read for kids 11 and older.",5021868,89,4.125,56,336,78,https://openlibrary.org/works/OL1503145W
/works/OL19669249W,Percy Jackson's Greek heroes,Rick Riordan,2015,Fairy Tales,"Greek Mythology; Juvenile fiction; Greek Gods; Fiction; Juvenile literature; Classics; Fairy Tales & Folklore; Anthologies; Legends, Myths, Fables; Greek & Roman; Gods and goddesses; nyt:childrens-middle-grade-hardcover=2015-09-06; New York Times bestseller; Mythology, greek, juvenile literature; Mythology; Heroes; Children's fiction; Heroes, fiction; Fantasy fiction; Romans, nouvelles, etc. pour la jeunesse; Romans, nouvelles; Jackson, Percy (Personnage fictif); Mythologie grecque; Dieux grecs; Olympie (Grèce : Sanctuaire)","Who cut off Medusa's head? Who was raised by a she-bear? Who tamed Pegasus? It takes a demigod to know, and Percy Jackson can fill you in on the all the daring deeds of Perseus, Atalanta, Bellerophon, and the rest of the major Greek heroes. Told in the funny, irreverent style readers have come to expect from Percy -- Provided by publisher.",13012029,18,4.76,25,459,46,https://openlibrary.org/works/OL19669249W
/works/OL2271626W,"Momo oder Die seltsame Geschichte von den Zeit-Dieben und von dem Kind, das den Menschen die gestohlene Zeit zurückbrachte",Michael Ende,1973,Fairy Tales,"Girls; Juvenile fiction; Time; Literatura infantil alemana; fiction; fantasy; interest; tortoises; future; lilies; Children's fiction; Children, fiction; Fairy tales; Fantasy fiction; Friendship; Korean language; Korean language materials; Fiction, general; Friendship, fiction; German language materials","*The Neverending Story* is Michael Ende's best-known book, but *Momo,* published six years earlier, is the all-ages fantasy novel that first won him wide acclaim. After the sweet-talking gray men come to town, life becomes terminally efficient. Can Momo, a young orphan girl blessed with the gift of listening, vanquish the ashen-faced time thieves before joy vanishes forever?",8574580,108,4.5142856,35,351,68,https://openlibrary.org/works/OL2271626W
/works/OL17262607W,The Enchantress Returns,Chris Colfer,2013,Fairy Tales,"Fairy tales; Characters in literature; Magic; Brothers and sisters; Fiction; Twins; Characters and characteristics in literature; Youths' writings; Children's fiction; Magic, fiction; Brothers and sisters, fiction; Twins, fiction; nyt:childrens-middle-grade=2013-08-25; New York Times bestseller; American literature, history and criticism, 21st century; Siblings; Fantasy fiction; Adventure and adventurers, fiction; American literature; Conner Bailey (Fictitious character); Juvenile fiction; Alex Bailey (Fictitious character); Fantasy; Action & Adventure; Fairy Tales & Folklore; Family; Fantasy & Magic; Humorous Stories; Hermanos; Magia; Mellizas; Tipos literarios; Ficción juvenil; Spanish language materials; Siblings, fiction","Alex and Conner Bailey have not been back to the magical Land of Stories since their adventures in The Wishing Spell ended. But one night, they learn the famed Enchantress has kidnapped their mother! Against the will of their grandmother, the twins must find their own way into. The Land of Stories is no longer the joyful world Alex and Conner Bailey remember from their Wishing Spell adventure: The evil Enchantress, who cursed Sleeping Beauty, is back with a vengeance, and the fairy-tale world lives in fear.
When the Enchantress’s evil reach extends even to Alex and Conner’s world—and their mother is kidnapped!—they must defy their grandmother’s orders and find their own way into the Land of Stories to rescue her.",7905224,21,4.576923,26,215,28,https://openlibrary.org/works/OL17262607W
/works/OL17823218W,A Court of Wings and Ruin,Sarah J. Maas,2017,Fairy Tales,"War stories; Fairy tales; Fantasy fiction; Women spies; Spy stories; Fiction; Children's fiction; Fairies, fiction; nyt:series-books=2017-05-21; New York Times bestseller; Fairies; Fantasy; Spies; collectionID:EanesChallenge; Juvenile fiction; Deception; Imaginary wars and battles; collectionID:AlpineChallenge; series:A_Court_of_Thorns_and_Roses","Looming war threatens all Feyre holds dear in the third volume of the #1 New York Times bestselling A Court of Thorns and Roses series.

Feyre has returned to the Spring Court, determined to gather information on Tamlin's manoeuvrings and the invading king threatening to bring Prythian to its knees. But to do so she must play a deadly game of deceit – and one slip may spell doom not only for Feyre, but for her world as well.

As war bears down upon them all, Feyre must decide who to trust amongst the dazzling and lethal High Lords – and hunt for allies in unexpected places.

In this thrilling third book in the #1 New York Times bestselling series from Sarah J. Maas, the earth will be painted red as mighty armies grapple for power over the one thing that could destroy them all.",8506724,26,4.3076925,52,1031,129,https://openlibrary.org/works/OL17823218W
/works/OL138052W,Alice's Adventures in Wonderland,Lewis Carroll,1865,Fairy Tales,"Alice (fictitious character : carroll), fiction; British and irish fiction (fictional works by one author); Fiction, fantasy, general; JUVENILE FICTION; classics; Fantasy & Magic; Imagination & Play; adventure and adventurers; adventure and adventurers, fiction; adventure stories; adventure travel; animals; anthropomorphism; artists' illustrated books; books and reading; child and youth fiction; children; children's fiction; children's literature; children's literature, english; children's stories; children's stories, english; classic literature; croquet; cuentos infantiles ingleses; curiosidad; curiosidad en los niños; curiosity; curiosity in children; english; english adventure stories; english fantastic fiction; english fantasy fiction; english fantasy literature; english language; english literature; english nonsense verses; fairy tales; fantasy; fantasy fiction; fantasy in fiction; fantasy  magic; fantasía; ficción juvenil; fiction; friendship; girls; girls, fiction; humor; humorous stories; illustrations; imaginary places; juvenile literature; legends; literary nonsense; logic; lugares imaginarios; mythical animals; niñas; nonsense verses; novela; novela fantástica; novela juvenil; open library staff picks; playing cards; rabbits; readers; reading materials; short novel; tea; texts; Alice (Fictitious character : Carroll); English language, textbooks for foreign speakers; Fantastique; Enfants; Affirmation de soi; Spanish language materials; Alicia (Personaje literario : Carroll); Spanish language; nyt:chapter-books=2010-02-21; New York Times bestseller; Literatura infanto-juvenil; Literatura inglesa; Carroll, lewis, 1832-1898; Children's literature, history and criticism; Children, books and reading; Crocheting; Fiction, general; Fantasy fiction, history and criticism; Imagination; Textbooks for foreign speakers; Readers for new literates; High interest-low vocabulary books; Science fiction; CUENTO INFANTIL INGLES; History and criticism; Translations into Irish; Irish literature; Swahili language; Ficc ʹa o (ge nero); Shi jie wen xue; Xiao shuo; Fantasi a; Tong hua; Suo xie; Shao er du wu; Pin yin du wu; Children's stories, Chinese; Chinese language; Translations into Polish; Ying yu; Yu yan du wu; Decision making; Juvenile Wit and humor; Conduct of life; Illusion (Philosophy); Innocence (Psychology); Dreams; Courts and courtiers; Theft; Courts; Curiosité; Romans, nouvelles, etc. pour la jeunesse; Prise de décision; Humour pour la jeunesse; Morale pratique; Lieux imaginaires; Illusion (Philosophie); Rêves; Cartes à jouer; Cours et courtisans; Croquet (Jeu); Vol (Droit); Tribunaux; Histoires pour enfants anglaises; Literature, collections; Fiction, short stories (single author); Contes de fées; English fiction; Translations into Ladino; Nonsense literature; Fantasmes; Dinosaurier; Utdöda djur; Urtidsdjur; Forntiden; Geologi; Evolution; Jorden; Fantastiske fortællinger; Translations into Yiddish; Criticism and interpretation; History; Alice's adventures in Wonderland (Carroll, Lewis); Alice in Wonderland;; North; Rural-urban migration; Russian language; Shorthand; Gregg; Roman anglais; Erwachsenwerden; Kultur; Logik; Mädchen; Philosophie; Reise; Sprache; Traumland; Paston grammmar school, Walsham, Eng; Translations from English; FICTION / Classics; FICTION / Fairy Tales, Folk Tales, Legends & Mythology; JUVENILE FICTION / Classics; Manuscripts; Facsimiles","Alice's Adventures in Wonderland (commonly Alice in Wonderland) is an 1865 English children's novel by Lewis Carroll. A young girl named Alice falls through a rabbit hole into a fantasy world of anthropomorphic creatures. It is seen as an example of the literary nonsense genre.

One of the best-known works of Victorian literature, its narrative, structure, characters and imagery have had huge influence on popular culture and literature, especially in the fantasy genre.",10527843,3547,4.0488887,225,1802,346,https://openlibrary.org/works/OL138052W
/works/OL71132W,The Voyage of the Dawn Treader,C. S. Lewis,1952,Fairy Tales,"Narnia; The Voyage of the Dawn Treader; The Chronicles of Narnia; Narnia (imaginary place), fiction; Children's fiction; Fantasy fiction; Fantasy; Narnia (Imaginary place); Allegory; Large type books; Fiction; Juvenile fiction; Child and youth fiction; Good and evil; Voyages and travels; Narnia (Lugar imaginario); Ficción juvenil; Bien y mal; Viajes; Novela fantástica; English Fantasy fiction; Children's stories; Merveilleux; Romans; Selfishness; Narnia (Imaginary place) (Fictitious character); Narnia (Imaginary place)(Fictitious character); Selfishness in children; Ships; Adventure stories; Magic; Witches; Good an evil; Adventure and adventurers, fiction; Fiction, fantasy, general; Fairy tales; Imaginary Voyages; Children's stories, English; Aslan the Lion (Fictitious character); Animals; Ocean travel","Lucy, Edmund, and their cousin travel back to Narnia through a painting where they board a ship named ""The Dawn Treader."" They find King Caspian and a mouse on the ship and they find mystical creatures and go on a mission that will decide Narnia's fate!",9184719,100,4.101852,108,230,190,https://openlibrary.org/works/OL71132W
/works/OL2568879W,Where the Wild Things Are,Maurice Sendak,1963,Fairy Tales,"Caldecott Medal; Dreams; Fantasy; Fantasy fiction; Fiction; Imagination; Juvenile fiction; Miniature books; Monsters; Specimens; Fantasty; Monstruos; Fantasía; Spanish language materials; Novela; open_syllabus_project; Kings and rulers; Conduct of life; Fairy tales; Children; Animals; Temper tantrums; Ficción juvenil; Accelerated Reader 2.9.; Caldecott Medal books; Children's fiction; Monsters, fiction; Picture books; Novela juvenil; Action & Adventure; Classics; People & Places; Hispanic & Latino; Spanish language; Reading materials; French Juvenile fiction; Juvenile fiction, French; Children's stories; German language materials; collectionID:caldecott60; Behavior; Latin language materials; Dreams, fiction; Monstres; Ouvrages illustrés; Littérature de jeunesse anglaise; award:Caldecott_award; lexile:740; lexile_range:701-800; lexile_code:AD; age:min:1; age:max:5; Adventure and adventurers, fiction; Islands, fiction; Animals, fiction; Behavior, fiction","This is an inspired children's book about a boy's passage through tempestuous aspects of life.

Max, a naughty little boy, sent to bed without his supper, sails to the land of the wild things, where he becomes their king.",50842,125,4.1284404,109,888,188,https://openlibrary.org/works/OL2568879W
/works/OL71037W,"The Lion, the Witch and the Wardrobe",C. S. Lewis,1950,Fairy Tales,"the Blitz; fauns; Turkish Delight; lions; English Children's stories; Fantasy & Magic; Action & Adventure; Classics; juvenile works; English Fantasy fiction; Witches; Winter; Science Fiction & Fantasy; English Christian fiction; Spanish language materials; Fiction; Good and evil; Leones; christianity; Open Library Staff Picks; Brujas; Magic; Translations from English; Children's stories, English; Ficción juvenil; Novela fantástica; open_syllabus_project; siblings; Fantasy fiction; Juvenile fiction; Bien y mal; Fantasy; Fairy tales; Lion; JUVENILE FICTION / Fantasy & Magic; Narnia (Imaginary place); JUVENILE FICTION / Classics; Children; Animals; Aslan the Lion (Fictitious character); JUVENILE FICTION / Action & Adventure; Friendship; Narnia (Lugar imaginario); Narnia (imaginary place), fiction; Children's fiction; Large type books; Children's literature, study and teaching; British and irish fiction (fictional works by one author); Adventure and adventurers, fiction; Child and youth fiction; Lion, fiction; Witches, fiction; Short stories; Literature and fiction, fantasy; Fiction, fantasy, general; Fiction, action & adventure; Pictorial works; Fiction, thrillers, general; Accelerated Reader; 5.8.; History; Histoire; Ukraïnsʹka pravoslavna hromada Uspinni︠a︡ Presvi︠a︡toĭ Bohorodyt︠s︡i v Valeĭ-Sureĭ, B.K.; Ukraĭnsʹka pravoslavna gromada Uspínnja Presvjatoĭ Bogorodicí v Valeǰ-Sureǰ","Four adventurous siblings—Peter, Susan, Edmund, and Lucy Pevensie—step through a wardrobe door and into the land of Narnia, a land frozen in eternal winter and enslaved by the power of the White Witch. But when almost all hope is lost, the return of the Great Lion, Aslan, signals a great change . . . and a great sacrifice.

Journey into the land beyond the wardrobe! The Lion, the Witch and the Wardrobe is the second book in C. S. Lewis's classic fantasy series, which has been captivating readers of all ages for over sixty years. This is a stand-alone novel, but if you would like journey back to Narnia, read The Horse and His Boy, the third book in The Chronicles of Narnia.
([source](http://www.cslewis.com/us/books/hardcover/the-lion-the-witch-and-the-wardrobe/9780060234812/))

---

Also contained in:

- [Chronicles of Narnia](https://openlibrary.org/works/OL70988W/The_Chronicles_of_Narnia)
- [Tales of Narnia](https://openlibrary.org/works/OL71080W)",8441376,157,4.132231,121,1505,255,https://openlibrary.org/works/OL71037W
/works/OL83090W,Bony-legs,"Joanna Cole, Dirk Zimmer",1983,Fairy Tales,"Legends; Baba Yaga (Legendary character); Juvenile fiction; Fairy tales; Folklore; Juvenile literature; Baby Yaga (Legendary character); Readers; Children's fiction; Witchcraft, fiction; Soviet union, fiction","When a terrible witch vows to eat her for supper, a little girl escapes with the help of a mirror and comb given to her by the witch's cat and dog.",15168,6,4.785714,14,76,22,https://openlibrary.org/works/OL83090W
/works/OL17101027W,Cress,Marissa Meyer,2014,Fairy Tales,"Serie:The_Lunar_Chronicles; Teenage girls; Extraterrestrial beings; Juvenile fiction; Fiction; Cyborgs; Science fiction; Kings, queens, rulers; Queens; Kings and rulers; Children's fiction; Extraterrestrial beings, fiction; Kings, queens, rulers, etc., fiction; Fugitives from justice; Rescues; Revolutions; Cybernetics; Young adult fiction, fairy tales & folklore, adaptations; Fiction, general; Fiction, action & adventure","In this third book in the Lunar Chronicles, Cinder and Captain Thorne are fugitives on the run, now with Scarlet and Wolf in tow. Together, they're plotting to overthrow Queen Levana and her army.

Their best hope lies with Cress, a girl imprisoned on a satellite since childhood who's only ever had her netscreens as company. All that screen time has made Cress an excellent hacker. Unfortunately, she's just received orders from Levana to track down Cinder and her handsome accomplice.

When a daring rescue of Cress goes awry, the group is separated. Cress finally has her freedom, but it comes at a higher price. Meanwhile, Queen Levana will let nothing prevent her marriage to Emperor Kai. Cress, Scarlet, and Cinder may not have signed up to save the world, but they may be the only hope the world has.",10979462,25,4.3333335,30,201,48,https://openlibrary.org/works/OL17101027W
/works/OL73385W,Dragonsong,Anne McCaffrey,1976,Fairy Tales,"Harper Hall; Pern; Dragons; Fantasy; Fiction in English; Harpists; Juvenile fiction; Science fiction; Fiction; Fairy tales; Children's fiction; Pern (Imaginary place); Large type books; Fantastic fiction; Music; Fantasy fiction; Fire lizard; Adventure; Pern (imaginary place), fiction; Fiction, fantasy, general; Harper's hall (imaginary place), fiction; Women heroes; Singers; Runaway children; Dragons, fiction; musician; Adventure and adventurers, fiction; Science-fiction; Romans; Merveilleux","Menolly, a young fisher's daughter, had dreamed all her life of learning the Harper's craft. Her musical talent is not valued in her fishing hold, especially by her parents the holders, as women in general tend to be less valued and have fewer choices than men in Pernese society. When her father denies her what she regards to be her destiny, she flees Half Circle Hold just as Pern is struck by the deadly danger of Threadfall, a deathly rain that falls from the sky. Menolly takes shelter in a cave by the sea and there, she makes a miraculous discovery that will change her life.",8769648,39,4.354839,31,242,63,https://openlibrary.org/works/OL73385W
/works/OL20288803W,Winter,Marissa Meyer,2015,Fairy Tales,"Serie:The_Lunar_Chronicles; Children's fiction; Science fiction; Kings, queens, rulers; Fiction; Stepmothers; Cyborgs; Extraterrestrial beings; Love; Princesses; Juvenile fiction; Queens; Kings, queens, rulers, etc., fiction; Extraterrestrial beings, fiction; Stepparents, fiction; Fairy Tales & Folklore; Cybernetics; Aliens (Fictional characters); Fiction, general; Fiction, action & adventure","Princess Winter is admired for her grace, kindness and beauty, despite the scars on her face. She's said to be even more breath-taking than her stepmother, Queen Levana...

When Winter develops feelings for the handsome palace guard, Jacin, she fears the evil Queen will crush their romance before it has a chance to begin.

But there are stirrings against the Queen across the land. Together with the cyborg mechanic, Cinder, and her allies, Winter might even find the power to launch a revolution and win a war that's been raging for far too long.

Can Cinder, Scarlet, Cress, and Winter claim their happily ever afters by defeating Levana once and for all?",8947137,17,4.321429,28,199,42,https://openlibrary.org/works/OL20288803W
/works/OL71042W,The Magician's Nephew,C. S. Lewis,1955,Fairy Tales,"Fantasy; Juvenile fiction; Cartoons and comics; Fiction; Fairy tales; Narnia (Imaginary place); Reading list; Magic; Romance norte americano; Fantasy fiction; Armstrong Elementary; 4th grade; 3rd and 4th grades; St. Marks; Witches; Good and evil; Imaginary Voyages; Translations from English; Children's stories, German; Children: Grades 2-3; Children: Grades 4-6; Children's fiction; Magic, fiction; Narnia (imaginary place), fiction; Child and youth fiction; Science fiction, fantasy, horror; Adventure and adventurers, fiction; Friendship, fiction; Witches, fiction; Literature and fiction, juvenile; Fiction, fantasy, general; Fiction, general; Magicians; Christian fiction; Adventure stories","Digory let out a scream. “What's happened to Polly?” “Congratulate me, my dear boy,” said Uncle Andrew, rubbing his hands. “My experiment has succeeded. The little girl's gone – vanished – right out of this world.” When Digory and Polly discover Uncle Andrew's secret workshop, they are tricked into touching some magic rings that take them right out of this world. But even Uncle Andrew doesn't realise the wonders that lie ahead as they discover the gateway to the magical land of Narnia, where many thrilling adventures await them.",1072931,163,4.0185184,108,729,216,https://openlibrary.org/works/OL71042W
/works/OL5759980W,The Pigeon finds a hot dog!,Mo Willems,2004,Humor,"Fiction; Sharing; Pigeons; Ducks; Juvenile fiction; Humorous stories; Children's fiction; Pigeons, fiction; Ducks, fiction; Sharing, fiction; New York Times reviewed; Birds; Picture books; Children's stories; Pictorials works; Partage; Romans, nouvelles, etc. pour la jeunesse; Animals; Ducks, Geese; Reader; Beginner; Food, fiction; Spanish language materials; Palomas; Ficción juvenil; Patos",A cute duckling 🐥 is bothering the pigeon over a hot dog!! Who will win this battle?,3334789,14,4.818182,33,198,52,https://openlibrary.org/works/OL5759980W
/works/OL5682519W,Dog Days,Jeff Kinney,2007,Humor,"Clergy; Dogs; Fiction; Spouses of clergy; Theft; Summer; Humorous stories; Diaries; Vacations; Juvenile fiction; Video games; Mothers and sons; Comics & Graphic Novels; Juvenile Wit and humor; Humorous fiction; Friendship; Children's fiction; Diaries, fiction; Summer, fiction; Children's stories; Holidays; Bullying; New York Times bestseller; nyt:series_books=2009-01-10; Child and youth fiction; Literature, history and criticism; Greg Heffley (Fictitious character); Families; Schools, fiction; Friendship, fiction; Juegos con video; Cuentos humorosos; Ficción juvenil; Vacaciones; Diarios íntimos; Spanish language materials; Verano; Heffley, Greg -- Juvenile fiction; Heffley, Greg; Large type books; Summer -- Fiction; Diaries -- Fiction; JUVENILE FICTION -- Humorous Stories; JUVENILE FICTION -- Comics & Graphic Novels -- General; American literature","In Dog Days, book 4 of the Diary of a Wimpy Kid series from #1 international bestselling author Jeff Kinney, it's summer vacation, the weather's great, and all the kids are having fun outside. So where's Greg Heffley?

Inside his house, playing video games with the shades drawn.

Greg, a self-confessed ""indoor person,"" is living out his ultimate summer fantasy: no responsibilities and no rules. But Greg's mom has a different vision for an ideal summer . . . one packed with outdoor activities and ""family togetherness.""

Whose vision will win out? Or will a new addition to the Heffley family change everything?",12366143,80,4.4882355,170,2106,259,https://openlibrary.org/works/OL5682519W
/works/OL16224122W,Cabin Fever,Jeff Kinney,2007,Humor,"New York Times bestseller; nyt:series_books=2009-01-10; Diary Of A Wimpy Kid Book 06 Cabin Fever; Families; Middle schools; Diary fiction; Juvenile fiction; Holidays; Blizzards; Boredom; Children's stories; Greg Heffley; Fiction; Friendship; Child and youth fiction; Children's fiction; Diaries, fiction; Humorous stories; Behavior, fiction; Schools, fiction; Family life, fiction; Holidays, fiction; Friendship, fiction; Diaries; JUVENILE FICTION / Humorous Stories; Family life; Behavior; JUVENILE FICTION / Comics & Graphic Novels / General; Schools; Christmas; Humor; Vandalism; Fear; Comics & Graphic Novels; Juvenile Wit and humor; General; Christmas stories; Children; Children's stories, Chinese; Children's stories, English","Greg Heffley is in big trouble. School property has been damaged, and Greg is the prime suspect. But the crazy thing is, he’s innocent. Or at least sort of.

The authorities are closing in, but when a surprise blizzard hits, the Heffley family is trapped indoors. Greg knows that when the snow melts he’s going to have to face the music, but could any punishment be worse than being stuck inside with your family for the holidays?",7247522,59,4.496454,141,1304,204,https://openlibrary.org/works/OL16224122W
/works/OL17812914W,Diary of a Wimpy Kid,Jeff Kinney,2017,Humor,"Humorous stories; Diaries; JUVENILE FICTION / Humorous Stories; Juvenile fiction; Family life; Fiction; Vacations; JUVENILE FICTION / Comics & Graphic Novels / General; Children's fiction; Family, fiction; Christmas, fiction; Diaries, fiction; Vacations, fiction; airplane; Diaries -- Juvenile fiction; Families -- Juvenile fiction; Vacations -- Juvenile fiction; Heffley, Greg -- Juvenile fiction; Heffley, Greg; Large type books; Diaries -- Fiction; Family life -- Fiction; Vacations -- Fiction; Livres en gros caractères; large print books; JUVENILE FICTION -- Comics & Graphic Novels -- General; JUVENILE FICTION -- Humorous Stories; Families; Comic-Roman; Tagebuch; Erlebnisse; Junge; Alltag; Schule; Abenteuer; witzig; lustig; sarkastisch; humorvoll","With the cold weather and the stress of the approaching holiday season, the Heffleys decide to escape to a tropical island resort for some much-needed rest and relaxation. A few days in paradise should do wonders for Greg and his frazzled family.

But the Heffleys soon discover that paradise isn't everything it's cracked up to be. Sun poisoning, stomach troubles, and venomous critters all threaten to ruin the family's vacation. Can their trip be saved, or will this island getaway end in disaster?


----------
###German-language description:
Gregs Tagebuch ist eine der erfolgreichsten Kinderbuch-Reihen der Welt. Die humorvollen Comic-Romane um Greg Heffley besitzen mittlerweile Kultstatus. Die Geschichten sind an tatsächliche Erlebnisse in Jeff Kinney Kindheit und Jugend angelehnt.
<br/>
Endlich Ferien! Greg kann es kaum erwarten, es sich mit ein paar Videospielen und Filmen gemütlich zu machen. Aber Mom und Dad haben andere Pläne. Um der Kälte zu entkommen, beschließen sie, mit der ganzen Familie auf eine tropische Insel zu fliegen: Und tschüss! Greg ist nicht gerade begeistert. Nicht nur, dass er das erste Mal in seinem Leben in ein Flugzeug steigen muss! Im Paradies angekommen, wird es noch schlimmer: Ein vertauschter Koffer, ein unfreiwilliger Tauchgang und eine Horde fieser Krabbeltiere lassen diesen Urlaub unvergesslich werden ...",10332154,39,4.5897436,78,998,99,https://openlibrary.org/works/OL17812914W
/works/OL17267509W,Old School,Jeff Kinney,2007,Humor,"Spanish language materials; Diaries; Juvenile fiction; Fiction; Family life; Electronics; Spanish language; Reading materials; Electronicas; Novela; Vida familiar; Diarios; Materiales lectura en idioma espanol; cool; epic; funny.; Humorous stories; Families; Comics & Graphic Novels; General; JUVENILE FICTION / Humorous Stories; JUVENILE FICTION / Comics & Graphic Novels / General; Maturation (Psychology); Domestic relations; Friendship; Schools; Diary fiction; Children's stories; Children's fiction; Family life, fiction; Diaries, fiction; Greg Heffley (Fictitious character); Diary Of A Wimpy Kid Book 10 Old School; Schools, fiction; Brothers; Middle schools; Lemonade; Heffley, Greg -- Juvenile fiction; Heffley, Greg; Electronics -- Juvenile fiction; Families -- Juvenile fiction; Diaries -- Juvenile fiction; Large type books; Families -- Fiction; Family life -- Fiction","Life was better in the old days. Or was it?

That’s the question Greg Heffley is asking as his town voluntarily unplugs and goes electronics-free. But modern life has its conveniences, and Greg isn’t cut out for an old-fashioned world.

With tension building inside and outside the Heffley home, will Greg find a way to survive? Or is going “old school” just too hard for a kid like Greg?",8314206,47,4.5247526,101,911,136,https://openlibrary.org/works/OL17267509W
/works/OL17603394W,Double Down,Jeff Kinney,2007,Humor,"Motion pictures; Humorous Stories; JUVENILE FICTION; JUVENILE FICTION / Humorous Stories; Comics & Graphic Novels; Video games; Family life; Fiction; Comics & Graphic Novels - General; JUVENILE FICTION / Social Themes / Friendship; Families; Diaries; Halloween; Children's Books/Ages 9-12 Fiction; General; JUVENILE FICTION / Comics & Graphic Novels / General; Production and direction; Cloth or Hardcover; Children's fiction; Halloween, fiction; Games, fiction; Family, fiction; Diaries, fiction; Motion pictures, fiction; Schools; Friendship; Children's stories; Diary Fiction; Drama; Middle school; Diary Of A Wimpy Kid Book 11 Double Down; Family life, fiction; Literature and fiction, juvenile; Comedy; Heffley, Greg -- Juvenile fiction; Heffley, Greg; Large type books; Diaries -- Fiction; Family life -- Fiction; Motion pictures -- Production and direction -- Fiction; Halloween -- Fiction; JUVENILE FICTION -- Humorous Stories; JUVENILE FICTION -- Comics & Graphic Novels -- General; Motion pictures -- Production and direction -- Juvenile fiction; Halloween -- Juvenile fiction; Families -- Juvenile fiction; Diaries -- Juvenile fiction","The pressure's really piling up on Greg Heffley. His mom thinks video games are turning his brain to mush, so she wnats her son to put down the controller and explore his ""creative side"".

As if that's not scary enough, Halloween is just around the corner and the frights are coming at Greg from every angle.

When he discovers a bag of gummy worms, it sparks an idea. Can Greg get his mom off his back by making a movie.... and will he become rich and famous in the progress? Or will doubling down on this path just double Greg's troubles?",7888937,52,4.4958677,121,1362,151,https://openlibrary.org/works/OL17603394W
/works/OL15110516W,Rodrick Rules,Jeff Kinney,2007,Humor,"New York Times bestseller; nyt:series_books=2009-01-10; Families; Diaries; Middle schools; Familias; Juvenile fiction; Amistad; Fiction; Ficción juvenil; Cuentos humorísticos; Schools; Diarios íntimos; Friendship; Spanish language materials; Escuela; Children's fiction; Schools, fiction; Diaries, fiction; Humorous stories; Family, fiction; Brothers; Middle school students; Children's stories; Family life; Comics & Graphic Novels; Socialization; School stories; Interpersonal Relations; Child; Humorous fiction; Friends; Écoles moyennes; Romans, nouvelles, etc. pour la jeunesse; Familles; Écoles; Journaux intimes; Amitié; Novela juvenil; Escuelas; Spanish language; Reading materials; Vida familia; Novela; Escuelas de enseñanza; Medio escuelas; Escuela cuentos; Diarios; Materiales lectura en idioma espanol; Friendship, fiction; Children's stories, American; Translation into Catalan; Rules; Sissy",Greg Heffley tells about his summer vacation and his attempts to steer clear of trouble when he returns to middle school and tries to keep his older brother Rodrick from telling everyone about Greg's most humiliating experience of the summer.,8542270,71,4.4037266,161,1300,225,https://openlibrary.org/works/OL15110516W
/works/OL45846W,Matilda,Roald Dahl,1988,Humor,"juvenile fiction; Schools; Girls; Spanish language; Translations from English; Fiction; Humorous stories; Écoles; Romans, nouvelles, etc. pour la jeunesse; Filles; Muchachas; Novela juvenil; Escuelas; Materiales en español; Cuentos humorísticos; Spanish language materials; Romans, nouvelles; Récits humoristiques; Tong hua; Children's fiction; Schools, fiction; Child and youth fiction; Revenge; Schools--fiction; Revenge--fiction; School; Child genius; Humorous; Trickiness; Mistreatment; Teachers; Open library staff picks; Children; Ficción juvenil; Child abuse; Parent and child; Witches; Gifted children; Large type books; Literature and fiction, juvenile; Parent and child, fiction; Teachers, fiction; Teacher-student relationships; Psychokinesis; English humorous stories; Magic; Psychokinesis - fiction; Gifted children - fiction; Family relations - fiction; School stories; English literature; Dutch literature; Humurous stories; Fantasy fiction; collection:Name","No podemos resistirnos a Matilda y recomendar a su autor a los niños que no lo conozcan. Matilda debe poner orden en una escuela poco acogedora porque sus profesores no están a la altura de su profesión. Pero el humor, la ironía y también la ternura harán que la escuela termine siendo un lugar amable donde ayuden a los niños a crecer y a leer. Roald Dahl decía que todos los niños tenían una brasa y que alguien debe encender el fuego y mantenerlo encendido. La escuela tiene este papel que cumplir porque de ello depende la luz del mundo.

Source: [1], back cover


  [1]: https://archive.org/details/matilda00roal",12889769,149,4.3405795,276,2560,370,https://openlibrary.org/works/OL45846W
/works/OL151956W,Runaway Ralph,Beverly Cleary,1970,Humor,"watchdogs; motorcycling; camping; running away; summer camp; summer; Juvenile fiction; Mice; Fiction; Mice -- Fiction; camps; Humorous Stories; Action & Adventure; animals; Juvenile works; Children's fiction; Mice, fiction; Boys, fiction; Readers; Chapter Books; Classics; social themes; runaways; Souris; Romans, nouvelles, etc. pour la jeunesse; Runaways, fiction; Fiction, general; Protected DAISY; In library; award:Nēnē_award; Childrens; Fantasy; Middle Grade; Young Adult; Juvenile; Children's Books","Runaway Ralph is the second in a children's novel trilogy written by Beverly Cleary. First published in 1970, it is the last book by Cleary that Louis Darling illustrated before his death. The book features the titular character, Ralph S. Mouse, a house mouse that can talk to humans, and goes on adventures on his miniature motorcycle.

The book was given the Nene Award by the Hawaii Library Association in 1972.",15033545,60,4.4166665,84,279,93,https://openlibrary.org/works/OL151956W
/works/OL16025215W,Novels (Adventures of Huckleberry Finn / Adventures of Tom Sawyer),Mark Twain,1922,Humor,"Juvenile works; juvenile audience; literature; child witnesses; young men; Male friendship; Runaway children; voyages and travels; juvenile literature; rafting; adventure and adventurers; orphans; slavery; friendship; history; runaway teenagers; boys in literature; Slaves; Race relations; Boys; Fugitive slaves; Fiction; Travel; Juvenile fiction; Social life and customs; Adventure stories; Bildungsromans; Humorous fiction; Humorous stories; Coming of age fiction; Adventure fiction; Children's fiction; Mississippi river, fiction; Missouri, fiction; Adventure and adventurers, fiction; Sawyer, tom (fictitious character), fiction; American literature; Huckleberry Finn (Fictitious character); Tom Sawyer (Fictitious character); Huckleberry Fin (Fictitious character); Mississippi River; Missouri; Treasure troves; Manners and customs; American fiction (fictional works by one author); Finn, huckleberry (fictitious character), fiction; Fiction, humorous, general; Fiction, action & adventure; Slaves, fiction; Friendship, fiction; Fiction, coming of age; Young adult fiction; Garçons; Romans, nouvelles; Voyages","THE ADVENTURES OF TOM SAWYER

Take a lighthearted, nostalgic trip to a simpler time, seen through the eyes of a very special boy named Tom Sawyer. It is a dreamlike summertime world of hooky and adventure, pranks and punishment, villains and first love, filled with memorable characters. Adults and young readers alike continue to enjoy this delightful classic of the promise and dreams of youth from one of America’s most beloved authors.

[Adventures of Huckleberry Finn] (https://openlibrary.org/works/OL53908W/Adventures_of_Huckleberry_Finn)

He has no mother, his father is a brutal drunkard, and he sleeps in a barrel. He’s Huck Finn—liar, sometime thief, and rebel against respectability. But when Huck meets a runaway slave named Jim, his life changes forever. On their exciting flight down the Mississippi aboard a raft, the boy nobody wanted matures into a young man of courage and conviction. As Ernest Hemingway said of this glorious novel, “All modern American literature comes from one book by Mark Twain called Huckleberry Finn.”
--back cover",12374727,68,4.5,56,155,57,https://openlibrary.org/works/OL16025215W
/works/OL15371369W,We Are in a Book! (Elephant & Piggie),Mo Willems,1988,Humor,"nyt:picture_books=2011-05-28; New York Times bestseller; Books and reading; Pigs; Swine; Elephants; Juvenile fiction; Fiction; Humorous stories; Children's fiction; Pigs, fiction; Elephants, fiction; Juvenile; award:Theodor_Seuss_Geisel_Award; lexile:200; lexile_range:201-300; age:min:3; age:max:6; grade:min:Preschool; grade:max:Kindergarten; Cerdos; Elefantes; Cuentos humorosos; Ficción juvenil; Libros y lectura; Spanish language materials; Books and reading, fiction","Gerald is careful. Piggie is not. Piggie cannot help smiling. Gerald can.

Gerald and Piggie are best friends.


In We Are in a Book! Gerald and Piggie discover the joy of being read. But what will happen when the book ends?

Using vocabulary perfect for beginning readers (and vetted by an early-learning specialist), Mo Willems has crafted a mind-bending story that is even more interactive than previous Elephant & Piggie adventures. Fans of the Geisel Award-winning duo won't be able to put this book down--literally!",14416025,16,4.5882354,34,227,54,https://openlibrary.org/works/OL15371369W
/works/OL5759972W,Are you ready to play outside?,Mo Willems,2001,Humor,"Friendship in fiction; Rain and rainfall; Elephants; Pigs in fiction; Elephants in fiction; Fiction; Pigs; Rain and rainfall in fiction; Friendship; JUVENILE FICTION / Animals / Pigs; Juvenile fiction; JUVENILE FICTION / Humorous Stories; JUVENILE FICTION / Animals / Elephants; Rain; Swine; Children's fiction; Play, fiction; Juvenile;  award:Theodor_Seuss_Geisel_Award; lexile:140; lexile_range:101-200; age:min:2; age:max:6; grade:min:Preschool; grade:max:Kindergarten; Piggie (Fictitious character : Willems); Cerdos; Elefantes; Gerald (Fictitious character : Willems); Ficcion juvenil; Novela juvenil; Outdoor recreation; Pictorial works; Play; Child and youth fiction","Friends Elephant and Piggie are playing outside when it starts to rain, and then they must decide what to do.",14417189,11,4.8,20,119,36,https://openlibrary.org/works/OL5759972W
/works/OL17076678W,The Long Haul,Jeff Kinney,2014,Humor,"Automobile travel; Humorous stories; Families; Diaries; Comics & Graphic Novels; Family life; Fiction; Vacations; JUVENILE FICTION; General; Children's & Teenage Fiction; Humorous fiction; Age level unknown; Children's fiction; Automobile travel, fiction; Vacations, fiction; Family life, fiction; Diaries, fiction; JUVENILE FICTION / Humorous Stories; JUVENILE FICTION / Comics & Graphic Novels / General; Diary Of A Wimpy Kid Book 09 Long Haul; Schools, fiction; Friendship, fiction; Drama; Travel; Portuguese language materials; Voyages en automobile; Romans, nouvelles, etc. pour la jeunesse; Familles; Journaux intimes","A family road trip is supposed to be a lot of fun... Unless, of course, you’re the Heffleys. The journey starts off full of promise, then quickly takes several wrong turns. Gas station bathrooms, crazed seagulls, a fender bender, and a runaway pig — not exactly Greg Heffley’s idea of a good time. But even the worst road trip can turn into an adventure — and this is one the Heffleys won’t soon forget.",7316502,57,4.325397,126,1253,170,https://openlibrary.org/works/OL17076678W
/works/OL17867019W,The Pigeon Needs a Bath!,Mo Willems,2014,Picture Books,"Pigeons; Palomas; Picture books; Juvenile fiction; Fiction; Ficción juvenil; Baths; Libros de láminas; Picture books for children; Spanish language materials; Baños; Baths -- Juvenile fiction; Pigeons -- Juvenile fiction; Baths -- Fiction; Pigeons -- Fiction; Baños -- Ficción juvenil; Palomas -- Ficción juvenil; Children's fiction; Pigeons, fiction; Baths, fiction; nyt:picture-books=2014-04-20; New York Times bestseller",1 volume (unpaged) : 24 cm,8172547,8,4.6551723,29,160,51,https://openlibrary.org/works/OL17867019W
/works/OL1973442W,Frog and Toad All Year,Arnold Lobel,1976,Picture Books,"accelerated reader; amistad; animals; children's fiction; children's stories; classics; comedy & humor; estaciones del año; ficción juvenil; fiction; friendship; frogs; frogs & toads; juvenile audience; juvenile fiction; juvenile works; novela juvenil; ranas; sapos; seasons; social themes; Spanish language materials; toads; Frog and toad (fictitious characters), fiction; Frogs, fiction; Picture books; Literature and fiction, juvenile; Language arts; series:Frog_and_Toad","Frog and Toad All Year is an American picture book written and illustrated by Arnold Lobel, published by Harper & Row in 1976. It is the third book in the Frog and Toad series, whose four books completed by Lobel comprise five easy-to-read short stories each.

----------
Also contained in:
[The Frog and Toad Treasury](https://openlibrary.org/works/OL1973505W)",11305216,62,4.8,20,143,50,https://openlibrary.org/works/OL1973442W
/works/OL58402W,Guess How Much I Love You,"Sam McBratney, Anita Jeram",1994,Picture Books,"Fiction; Juvenile fiction; Love; Fathers and sons; Bedtime; Hares; Ficción juvenil; Padre e hijo; Hora de acostarse; Amor; Specimens; Conejos; Amour; Ouvrages pour la jeunesse; Vietnamese language materials; Bilingual; Board books; Children's picture book; Pictorial works; Animals; Rabbits; Children's picture books; Children's stories, English; Translations into German; Drama; Juvenile films; Parent and child; Spring; Children's fiction; Fathers and sons, fiction; Bedtime, fiction; Love, fiction; Rabbits, fiction; Colors; Emotions, fiction; Picture books; Toy and movable books; Parent and infant; Romance-language fiction; Blind; Books and reading; Love stories; Adventure and adventurers, fiction; Russian language; Russian language materials; Children's books; Eltern; Kind; Liebe; Feldhase; Children's Books/Ages 4-8 Fiction; Social Issues - Emotions & Feelings; Children: Preschool; Animals - Rabbits; Family - General; Juvenile Fiction / Classics; Classics; Humorous Stories; Children's Books/Baby-Preschool; Children: Kindergarten; Bedtime & Dreams; Family - Parents; Children's Baby - Boardbooks; Juvenile Fiction / Bedtime & Dreams; Preschool Picture Story Books; Juvenile Fiction / Social Situations / Emotions & Feelings; Translations into Irish; American fiction; Social Situations - Emotions & Feelings; Children's Audio - 4-8; Toys, Dolls, & Puppets; Audio - Children's; France, fiction; Orphans, fiction; Child and youth fiction; Non-classifiable; Animals, fiction; Picture books for children","Welcome the family classic with an elegant, refreshed cover — the quintessential picture book, just waiting to be shared.

Sometimes, when you love someone very, very much, you want to find a way of describing how much you treasure them. But, as Little Nutbrown Hare and Big Nutbrown Hare discover, love is not an easy thing to measure! For two decades, Sam McBratney’s timelessly endearing story, beautifully rendered in Anita Jeram’s exquisite watercolors, has captured the deep and tender bond between parent and child. Guess How Much I Love You is one of the world’s best-loved picture books.",13282906,129,4.337209,86,1171,197,https://openlibrary.org/works/OL58402W
/works/OL5760013W,Don't Let the Pigeon Drive the Bus!,Mo Willems,2003,Picture Books,"Spanish language books; Children's Books/Baby-Preschool; Readers; Pigeons; Spanish language; Fiction; Spanish language -- Juvenile fiction; Bus drivers; Juvenile fiction; Humorous stories; Children's fiction; Birds, fiction; Picture books; Spanish language materials; Pigeons, fiction; Bus drivers, fiction; Humor; Frustration; Wunsch; Omnibusfahrer; Complaints (Rhetoric); Tauben; Juvenile Wit and humor; Pleading; Reader; Persuasion (Rhetoric); Trucks; Beginner; Buses; Begging; Bribery; Anger; Ouvrages illustrés; Conducteurs d'autobus; Disappointment; Ficción juvenil; Palomas; Conductores de autobús; Children's stories, American; Specimens; Temper tantrums; collectionID:caldecotthonor00","No matter how hard he pleads and begs, the pigeon is not supposed to drive the bus while the driver is away, but pigeon tries every persuasive trick a young child knows to get you to say ""Yes.""",544664,35,4.347826,92,760,186,https://openlibrary.org/works/OL5760013W
/works/OL1938178W,The Gruffalo,Julia Donaldson,1999,Picture Books,"Animals; Juvenile fiction; Fiction; Stories in rhyme; Mice; Children’s Picture Books; Children: Kindergarten; Children's fiction; Mice, fiction; Monsters, fiction; Animals, fiction; juvenile literature; Pictorial works; Child and youth fiction; Picture books; Gruffalo (Fictitious character); Tricksters; Monsters; Animales-; Cuentos-; Libros infantiles; Lengua inglesa-; Libros infantiles y juveniles; Lecturas-; Ingelesa-; Haur eta gazteentzako liburuak; Irakurgaiak-","The Gruffalo is a British children's picture book by writer and playwright Julia Donaldson, illustrated by Axel Scheffler, that tells the story of a mouse, the protagonist of the book, taking a walk in the woods. The book has sold over 13 million copies, has won several prizes for children's literature, and has been developed into plays on both the West End and Broadway and even an Oscar nominated animated film.

The Gruffalo was initially published in 1999 in the United Kingdom by Macmillan Children's Books.",8561698,99,4.3139534,86,850,178,https://openlibrary.org/works/OL1938178W
/works/OL261155W,The Lorax,Dr. Seuss,1911,Picture Books,"nyt:picture_books=2012-02-11; Stories in rhyme; New York Times bestseller; Children's stories; Juvenile fiction; Pollution; Children's fiction; Ecology, fiction; Fiction; Deforestation; Pictorial works; Forest conservation; Environmental protection; Air; Conservation of natural resources; Environmental aspects; Environmental aspects of Industries; Industries; Cuentos en rima; Pollution, fiction; Coloring books","Long before ""going green"" was mainstream, Dr. Seuss's Lorax spoke for the trees and warned of the dangers of disrespecting the environment. In this cautionary rhyming tale (printed on recycled paper) we learn of the Once-ler, who came across a valley of Truffula Trees and Brown Bar-ba-loots, and how his harvesting of the tufted trees changed the landscape forever. - Publisher. The Lorax is the story of a boy who's looking for answers. Living in a ruined town, this little guy wants to know the story of the Lorax, so he goes to the Once-ler, an elderly inventor/manufacturer. Doc Brown -- ahem, the Once-ler -- tells the boy how the town came to be ruined, and most importantly, what he can do to turn things around. Who exactly was this this Lorax character, what was it doing here, and why was it taken away? These are questions only a man name the Once-ler can answer. The Once-ler's last words to the boy: ""Grow a forest. Protect it from axes that hack./ Then the Lorax/ and all of his friends/ may come back."" - shmoop.com",422253,23,4.2833333,60,220,92,https://openlibrary.org/works/OL261155W
/works/OL19983489W,Hug machine,Scott Campbell,2014,Picture Books,Juvenile fiction; Hugging; Fiction; Children's Books/Baby-Preschool; picture books,"The hug machine is available to hug anyone, any time, whether they are square or long, spikey or soft.",14416488,1,4.6190476,21,65,28,https://openlibrary.org/works/OL19983489W
/works/OL3368288W,The Giving Tree,Shel Silverstein,1964,Picture Books,"Children's poetry, American; Fiction; Humorous poetry; Juvenile fiction; Latin language materials; Trees; Generosity; Boys; Love; Sacrifice; Arboles; Ficción juvenil; Life; Classics; Accelerated Reader 1.6.; Family; Multigenerational; Social Themes; Emotions & Feelings; Picture books for children; Children's fiction; Trees, fiction; Emotions, fiction; Picture books; Love stories; Modern Literature; Mental Healing; Latin language, readers","From Shel Silverstein, New York Times bestselling author of Where the Sidewalk Ends and A Light in the Attic, comes a poignant picture book about love and acceptance, cherished for over fifty years. This classic is perfect for both young readers and lifelong fans.

""Once there was a tree...and she loved a little boy.""

So begins a story of unforgettable perception, beautifully written and illustrated by the gifted and versatile Shel Silverstein. This moving parable for all ages offers a touching interpretation of the gift of giving and a serene acceptance of another's capacity to love in return.

Every day the boy would come to the tree to eat her apples, swing from her branches, or slide down her trunk...and the tree was happy. But as the boy grew older he began to want more from the tree, and the tree gave and gave and gave. This is a tender story, touched with sadness, aglow with consolation.

The Giving Tree is a meaningful gift for milestone events such as graduations, birthdays, and baby showers.

Shel Silverstein's incomparable career as a bestselling children's book author and illustrator began with Lafcadio, the Lion Who Shot Back. He is also the creator of picture books including A Giraffe and a Half, Who Wants a Cheap Rhinoceros?, The Missing Piece, The Missing Piece Meets the Big O, and the perennial favorite The Giving Tree, and of classic poetry collections such as Where the Sidewalk Ends, A Light in the Attic, Falling Up, Every Thing On It, Don't Bump the Glump!, and Runny Babbit plus Runny Babbit Returns.",8981758,20,4.1538463,104,341,164,https://openlibrary.org/works/OL3368288W
/works/OL476641W,Winnie-the-Pooh,A. A. Milne,1925,Picture Books,Fiction; Juvenile audience; Juvenile; Toy and movable books; Teddy bears; Rain and rainfall; Animals; Board books; Pigs; Swine; Toys; Children's stories; Picture books for children; Juvenile works; water; stuffed animals; friendship; bears; rain; rainfall; imagination; Easy books; Humorous stories; rabbits; kangaroos; Tail; lost and found possessions; Series; Readers; bees; Children's fiction; Latin language materials; Initial teaching alphabet; German language; Rebuses; German language materials; English literature; Ficción juvenil; Amistad; New York Times reviewed; juvenile literature; Child and youth fiction; English; Translations into Yiddish; Juvenile fiction,"A.A. Milne's Pooh stories need no introduction; they have been loved by generations of children and their parents ever since they were first published in 1926.

In his autobiography, Milne wrote: 'The animals in the stories came for the most part from the nursery. My collaborator \[his wife\] had already given them individual voices, their owner by constant affection had given them the twist in their features which denotes character, and Shepard drew them, as one might say, from the living model.'

---

Contains:

- In Which We Are Introduced to [Winnie the Pooh and Some Bees](https://openlibrary.org/works/OL476696W) and the Stories Begin
- In Which [Pooh Goes Visiting and Gets into a Tight Place](https://openlibrary.org/works/OL476823W/)
- In Which [Pooh and Piglet Go Hunting and Nearly Catch a Woozle](https://openlibrary.org/works/OL476746W/)
- In Which [Eeyore Loses a Tail and Pooh Finds One](https://openlibrary.org/works/OL476804W/)
- In Which [Piglet Meets a Heffalump](https://openlibrary.org/works/OL476831W/)
- In Which [Eeyore has a Birthday and Gets Two Presents](https://openlibrary.org/works/OL476821W/)
- In Which [Kanga and Baby Roo Come to the Forest and Piglet has a Bath](https://openlibrary.org/works/OL476826W/)
- In Which [Christopher Robin Leads an Expotition to the North Pole](https://openlibrary.org/works/OL476425W/Christopher_Robin_Leads_an_Expotition_to_the_North_Pole)
- In Which [Piglet is Entirely Surrounded by Water](https://openlibrary.org/works/OL15658624W)
- In Which [Christopher Robin Gives Pooh a Party](https://openlibrary.org/works/OL476803W) and We Say Goodbye

---

Also contained in:

- [Winnie-the-Pooh / The House at Pooh Corner](https://openlibrary.org/works/OL15742938W/)",8610816,187,4.1842103,76,481,105,https://openlibrary.org/works/OL476641W
/works/OL45790W,Charlie and the Chocolate Factory,Roald Dahl,1964,Picture Books,"Childrens Media Tie-In Books; Children's Middle Grade Action & Adventure Books; Children's Picture Books; Avarice; Behavior; Chocolat; Chocolate; Chocolate factories; Conducta; Conduct of life; Cuentos humorísticos; Eccentrics and eccentricities; Factories; Fantasy; Ficción juvenil; Fiction; Grandparent and child; Human behavior; Humorous fiction; Humorous stories; Humourous stories; Juvenile fiction; Juvenile Literature; Juvenile works; Literatura juvenil; Romans; Spanish language materials; Wonka Bars; Young Adult Fiction; Willy Wonka (Fictitious character); Charlie Bucket (Fictitious character); Children's fiction; Behavior, fiction; Fiction, fantasy, general; Literature and fiction, juvenile; Romans, nouvelles, etc. pour la jeunesse; Morale pratique; Industrie; Behavior -- Fiction; Chocolate industry; Candy industry; Accelerated Reader; Plays; Children's plays; Literatura angielska dla młodzieży; Tłumaczenia polskie; Open Library Staff Picks; Récits humoristiques; Fantasy fiction; Candy; Short stories","Charlie and the Chocolate Factory is a 1964 children's novel by British author Roald Dahl. The story features the adventures of young Charlie Bucket inside the chocolate factory of eccentric chocolatier Willy Wonka.

Charlie and the Chocolate Factory was first published in the United States by Alfred A. Knopf, Inc. in 1964 and in the United Kingdom by George Allen & Unwin 11 months later. 

In the 2012 survey published by SLJ, a monthly with primarily US audience, Charlie was the second of four books by Dahl among their Top 100 Chapter Books, one more than any other writer. Time magazine in the US included the novel in its list of the 100 Best Young-Adult Books of All Time.",12459564,221,4.0537634,279,2357,405,https://openlibrary.org/works/OL45790W
/works/OL17104369W,The Day the Crayons Quit,Drew Daywalt,2013,Picture Books,"Color; Crayons; Letters; Juvenile fiction; Fiction; Blind; Books and reading; Colors; Humorous Stories; Animals; Color drawing; Freundschaft; Concepts; Emotions & Feelings; Strikes and lockouts; Social Themes; Gefühl; Gefuhl; Children's fiction; Color, fiction; Letters, fiction; Crayon drawing, fiction; Coloring for children; Uvenile fiction; Letter writing; Drawing; nyt:picture-books=2013-07-14; New York Times bestseller; New York Times reviewed; Materials; Care; Juvenile Wit and humor; Picture books for children; Spanish language materials; Lettres (Genre littéraire); Romans, nouvelles, etc. pour la jeunesse; Dessin en couleurs; Couleur; Juvenile; series:The_Crayons; Juvenile literature","When Duncan arrives at school one morning, he finds a stack of letters, one from each of his crayons, complaining about how he uses them.",8314152,21,4.448276,29,227,53,https://openlibrary.org/works/OL17104369W
/works/OL16684384W,Duckling Gets a Cookie?,Mo Willems,2012,Picture Books,"Etiquette; Cookies; Humorous stories; Pigeons; Fiction; Ducks; Juvenile fiction; Children's fiction; Pigeons, fiction; Ducks, fiction; Etiquette, fiction; nyt:picture-books=2012-04-22; New York Times bestseller; Emotions; Anger; Birds; Juvenile films","The pigeon gets very angry when he sees the duckling getting a cookie just by asking for it. The pigeon complains about how it's not fair, but will he get a cookie, too?",7143182,5,4.4814816,27,133,55,https://openlibrary.org/works/OL16684384W